WD,VIX,MPU,WTI,US.EPU,EU.EPU,GM.EPU,FR.EPU,ES.EPU,RS.EPU,CH.EPU,RS.EPU,CH.GeoRisk,log.VIX,log.MPU,log.WTI,log.US.EPU,log.EU.EPU,log.GM.EPU,log.FR.EPU,log.ES.EPU,log.RS.EPU,log.CH.EPU,log.RS.EPU,log.CH.GeoRisk
1.15,25.39,171.7552711,32.95,185.5916138,157.2820282,84.12831879,196.7913971,189.4419708,68.20256042,141.7656555,152.9193491,170.2934159,3.234355396,5.146070621,3.494991261,5.223548635,5.058040552,4.432343238,5.28214427,5.244082755,4.222482107,4.954175381,5.029910652,5.137522925
1.18,31.02,283.796952,35.83,161.7597656,226.0268707,230.9095612,210.7056885,346.0123596,108.1100464,88.59653473,181.9932549,211.9863082,3.434632158,5.648259025,3.578785531,5.086112306,5.420653889,5.442026124,5.350462319,5.846474496,4.683149656,4.484092745,5.203969625,5.356521689
1.09,30.43,300.7496485,33.51,224.6472015,251.2325745,230.0630188,227.4442291,394.0605469,87.96466064,184.7860107,193.9397752,187.7154161,3.415428964,5.706278186,3.511843902,5.414531178,5.526379102,5.438353266,5.426905062,5.97650457,4.47693515,5.219198457,5.267547674,5.234927072
1.12,28.02,155.591338,28.17,176.5798492,206.6002197,155.8158264,163.9882965,407.4194031,86.38860321,124.3101959,166.3355875,165.0003637,3.332918541,5.047232942,3.338257582,5.173773177,5.33078562,5.04867471,5.099795062,6.009843129,4.45885576,4.822780022,5.114007359,5.105947678
1.08,20.63,121.9248391,28.11,122.3098221,143.9485626,120.439682,112.2447739,172.0375366,95.07604218,102.0359116,140.2791362,118.2532535,3.026746327,4.803404782,3.336125385,4.806557351,4.969456032,4.791149063,4.720681968,5.147712689,4.554677015,4.625324826,4.943634268,4.772828541
0.84,20.85,67.79086705,30.66,110.695549,100.4391708,78.66607666,110.5131912,93.48464203,24.11118507,87.32002258,124.8522386,123.2439024,3.037353948,4.216427482,3.422958873,4.706783631,4.609552279,4.365212016,4.705134891,4.537797166,3.182675844,4.46957979,4.827130947,4.814165338
0.95,19.03,51.74664956,30.76,103.7482452,94.04275513,59.33774948,90.50467682,138.2897339,70.33055878,92.37224579,79.89536673,96.43135692,2.946016681,3.946359687,3.426215145,4.641967245,4.543749521,4.083245688,4.505401527,4.929351005,4.253206395,4.525826563,4.380717863,4.568831428
0.96,20.75,84.19547343,31.57,91.71417236,70.61742401,59.89029312,30.62036896,63.75292969,59.18588638,89.33422852,94.61523435,98.3494813,3.032546247,4.43314116,3.452207303,4.518676919,4.257276913,4.092514441,3.42166544,4.155015139,4.080683108,4.492384713,4.549818503,4.588527271
0.93,19.02,53.8378165,28.31,109.5539551,93.32123566,89.45635986,95.08573151,112.5908813,62.6354866,127.8212738,97.17677477,77.58384047,2.945491057,3.985976129,3.343215099,4.696417169,4.536047688,4.493750907,4.554778922,4.723760729,4.137331996,4.85063299,4.57653174,4.351359164
0.93,20.8,33.86371584,30.34,78.58598328,91.96792603,87.12670898,80.04883575,80.70903778,96.27272034,106.5136337,91.3926814,85.11696204,3.034952987,3.522344112,3.412466974,4.364193354,4.521439886,4.467363484,4.382636895,4.390850561,4.567185001,4.668272993,4.515165403,4.444026335
0.91,16.55,30.29223263,31.11,78.6960907,91.81498718,106.2877808,78.83218384,86.32300568,107.1847076,37.15930557,95.7723132,80.09874359,2.806386102,3.410891331,3.437529311,4.365593481,4.519775543,4.666150329,4.367321338,4.458096141,4.674553585,3.615214226,4.561973637,4.383260168
0.91,16.27,60.47648217,32.13,90.34359741,82.68560028,61.57172012,75.70652771,73.47694397,78.41303253,97.13572693,102.8207341,99.50458837,2.789322921,4.102254565,3.469790173,4.50362015,4.415045467,4.120202676,4.326864388,4.29697167,4.361990145,4.576109247,4.632987026,4.600203757
0.9,18.22,94.51192914,34.31,88.27758789,75.34062958,59.47798538,76.26370239,52.9017868,124.426239,101.1584015,85.79190271,89.41577492,2.902519892,4.548726061,3.535436857,4.480486258,4.322019559,4.08560625,4.334197103,3.968437115,4.823713083,4.61668762,4.451924628,4.49329712
0.93,17.11,53.07184275,34.69,88.90148163,76.99822998,83.92586517,51.82107925,80.38735962,109.1451035,46.90383148,94.10591184,78.60084387,2.839663088,3.971646519,3.546451461,4.487528809,4.343782434,4.429933852,3.947797002,4.386856945,4.692678222,3.848099367,4.54442087,4.364382436
0.93,14.86,38.91576892,36.74,84.3309021,125.0216446,117.3388062,156.4485626,97.98274994,77.43811035,85.35299683,87.56225103,92.37258476,2.698673039,3.661399539,3.60386608,4.434748371,4.828486879,4.76506553,5.052727282,4.584791442,4.349479041,4.446795561,4.472349981,4.525830233
0.96,15.64,57.15698577,36.75,79.72691345,109.8380356,104.8796005,169.8411255,59.87421417,110.5964737,43.1658287,96.00481801,83.61222162,2.749831735,4.045801618,3.604138226,4.378607213,4.699006877,4.65281303,5.134863444,4.092245931,4.705888205,3.76504918,4.564398378,4.426189701
1.06,16.62,92.67783958,40.28,97.2080307,114.849823,126.787468,170.8830261,76.00424957,88.85319519,137.9871979,107.3065169,101.8330859,2.810606789,4.529129389,3.695855068,4.576853328,4.743625388,4.842512204,5.140979265,4.330789254,4.486985516,4.927160912,4.675689383,4.62333506
1.3,16.08,114.736083,38.03,85.27448273,99.8453064,104.7889633,128.3917542,56.01540756,116.6262817,59.12108612,76.36504181,92.50442169,2.777576264,4.742634561,3.638375322,4.445875262,4.603622052,4.651948454,4.85508617,4.025626788,4.758974649,4.079587648,4.335525024,4.527256445
1.41,15.08,73.34909203,40.78,88.95649719,115.9253998,57.15773392,99.18595886,124.9737625,75.10518646,50.48696136,72.91038409,86.08021248,2.713369363,4.295230126,3.708191765,4.488147455,4.752946879,4.045814708,4.596996461,4.828103815,4.318889617,3.921715112,4.289231072,4.455279565
1.59,15.37,95.12458581,44.9,84.44986725,77.3423996,60.64183807,99.52498627,50.74696732,36.51834106,88.03998566,72.77615468,74.03549073,2.732417558,4.555187462,3.804437795,4.436158071,4.348242312,4.104985052,4.600408731,3.926851859,3.597814629,4.477791094,4.287388356,4.304544583
1.68,14.28,71.32165237,45.94,108.5095825,89.59677124,65.45806122,143.2897491,48.16343689,64.54100037,92.03104401,137.4411025,90.05754795,2.658859957,4.267199961,3.827336197,4.686838487,4.495319284,4.181409651,4.964868798,3.874600162,4.167300687,4.522125955,4.92319548,4.500448888
1.87,12.75,107.7022302,53.28,118.3414459,120.0014648,115.984375,122.1546631,154.4183197,56.45822144,107.5005188,85.27479418,82.15916514,2.545531272,4.679370291,3.975561026,4.773574055,4.787503949,4.753455484,4.805287972,5.039665281,4.033500921,4.677495674,4.445878915,4.408658404
2.19,16.18,78.57551175,48.47,96.69577026,127.938324,68.12167358,195.9334259,95.49815369,39.24856949,93.9905014,102.7393302,87.49682814,2.783775912,4.364060096,3.88094505,4.571569661,4.851548304,4.221295424,5.277774938,4.559106914,3.669914997,4.543193728,4.632195006,4.471602543
2.18,12.98,28.59229406,43.15,66.53287506,83.33496857,54.96220779,110.0841217,42.32065201,81.47636414,96.87821198,101.978866,81.61707782,2.563409711,3.353137243,3.764682418,4.197696187,4.422868252,4.006645818,4.701244816,3.745275194,4.400312968,4.573454643,4.624765596,4.402038527
2.48,14.08,77.83283293,46.84,66.73433685,58.94661713,48.37984085,65.62034607,47.83789444,175.2454529,75.73043823,91.53623011,97.16167635,2.644755351,4.354563359,3.846737539,4.200719616,4.07663224,3.879083216,4.183885801,3.867818096,5.166187579,4.32718017,4.516734851,4.576376357
2.72,11.66,31.34054454,48.15,51.69568634,74.9770813,53.16243362,90.66368103,59.98699951,112.5640182,32.59744644,101.479898,97.48550868,2.456164181,3.444912612,3.874321138,3.945374342,4.317182484,3.973352012,4.507156847,4.094127864,4.72352211,3.484233955,4.61986073,4.579703738
2.73,12.5,42.25327753,54.19,49.30863571,81.45478821,40.66996002,107.5706253,55.9072876,107.5473404,99.00125122,110.3986235,104.0453916,2.525728644,3.743681925,3.99249639,3.898099232,4.40004812,3.705489737,4.678147611,4.02369474,4.677931126,4.595132489,4.704097665,4.644827262
2.84,14.09,68.83730803,52.98,78.39586639,89.07868195,34.60283279,117.0465622,93.47690582,75.75196838,50.36788559,88.55944214,105.8777754,2.645465326,4.231745866,3.969914484,4.361771201,4.489520046,3.543935551,4.762571823,4.537714409,4.327464429,3.919353781,4.483673989,4.662285367
2.93,15.12,60.59286998,49.83,75.09077454,99.44091034,66.39905548,149.0582581,79.14923859,32.71545029,105.3501663,97.12235234,91.51857992,2.716018371,4.104177229,3.908617212,4.318697709,4.599563602,4.195682832,5.004337223,4.371335166,3.487847452,4.657289719,4.575971548,4.516542011
3.06,11.84,61.41351474,56.35,82.00558472,99.4149704,95.04406738,117.7484207,89.30683136,85.24398804,42.97225952,66.65926667,92.31783718,2.471483629,4.117629921,4.03158224,4.406787351,4.59930271,4.554340651,4.76855032,4.492077984,4.445517592,3.76055478,4.199594072,4.525237375
3.34,11.4,56.60819119,59,71.93954468,85.08383942,80.35968018,101.2715149,76.36673737,26.12306976,35.55521011,85.75431068,89.40118925,2.433613355,4.036153695,4.077537444,4.275826109,4.443637116,4.38651256,4.617805176,4.335547227,3.262818823,3.571086703,4.451486355,4.493133985
3.44,11.75,42.41258188,64.99,59.61723328,82.83348846,68.518013,85.01700592,81.79131317,49.51333237,92.99913788,79.92837485,77.0265398,2.463853241,3.747445061,4.174233412,4.087944681,4.41683243,4.227096674,4.442851306,4.404171042,3.902241974,4.532590223,4.381130919,4.344150035
3.47,13.57,126.8743665,65.59,105.7698593,160.4738312,202.5643158,156.9485779,134.6169891,138.8449707,68.26113892,74.05627947,76.79072877,2.607861474,4.843197357,4.183423245,4.661265595,5.078130884,5.311057445,5.055918222,4.902433628,4.933357992,4.223340628,4.304825338,4.341083914
3.89,12.46,80.45718733,62.26,79.8299942,71.51885986,83.1720047,62.82376862,70.40970612,141.3383636,32.72947693,79.31924323,74.03845168,2.522523513,4.387725209,4.131319165,4.379899301,4.269961189,4.420910809,4.140333483,4.254331125,4.951156757,3.488276107,4.373480763,4.304584576
3.86,13.48,32.46609598,58.32,60.06785202,95.44764709,140.0655518,85.19086456,57.40055847,55.57432175,86.75798035,77.72626175,74.0782742,2.601207105,3.480196344,4.065945088,4.09547479,4.558577899,4.94211054,4.444894205,4.050054033,4.017721256,4.463122407,4.353193189,4.305122294
3.99,11.01,78.73817649,59.41,70.02675629,61.47662354,63.61540222,53.46963882,36.82439041,96.36314392,57.22021103,63.97693503,82.5874249,2.398803951,4.366128127,4.084462562,4.248877402,4.118656998,4.152855614,3.979113994,3.606160409,4.568123804,4.046907176,4.158522628,4.413857428
4.37,12.07,62.22241081,65.49,75.07923889,83.96113586,88.12340546,78.60295105,80.97428894,104.8241959,83.60843658,86.54246332,82.40277458,2.490723035,4.130715237,4.181897459,4.318544074,4.430354023,4.478738167,4.364409244,4.394131684,4.652284622,4.426144431,4.460635199,4.411619108
4.51,13.23,60.371622,61.63,69.491745,60.63415146,76.18671417,55.29086685,44.47035599,79.35954285,64.71510315,67.81324583,84.91605061,2.582486978,4.10051916,4.121148765,4.241207969,4.10485829,4.333187093,4.012607738,3.79482281,4.373988703,4.169994608,4.216757542,4.441663129
4.52,11.72,46.38076047,62.69,55.00807571,79.82993317,94.21289825,68.94371033,85.26280212,94.51129913,84.22509766,96.83735353,85.66593297,2.461296784,3.836884728,4.138201945,4.007480006,4.379898537,4.545557096,4.233290379,4.445738276,4.548719395,4.433492949,4.573032803,4.450455232
4.65,11.57,57.94457798,69.44,81.65171814,89.04356384,79.12750244,103.3140106,50.49769592,162.1650696,133.5046997,80.71140622,90.87574434,2.448415541,4.059487002,4.24046307,4.402462862,4.489125731,4.371060506,4.637772997,3.92192771,5.088614765,4.894136681,4.390879906,4.509493127
4.74,11.99,95.86812371,70.84,67.80979156,82.44514465,71.2885437,88.35649109,91.51164246,116.8075943,66.02268982,86.22192292,86.94474873,2.484072969,4.562973536,4.260423813,4.216706603,4.412133159,4.266735637,4.481379666,4.516466204,4.760528088,4.189998468,4.456924472,4.465272845
4.87,14.32,91.21692512,70.95,82.58628082,89.85152435,105.8366318,96.58042145,74.43009186,91.25888824,110.9243469,73.68794012,73.09620006,2.661657162,4.513240462,4.261975404,4.413843575,4.498158579,4.661896696,4.570376044,4.309860321,4.513700393,4.708848409,4.299839151,4.291776383
4.97,13.05,120.163635,74.41,84.47445679,82.00437164,98.15416718,84.71546173,73.43398285,79.23003387,42.70708466,115.8046467,100.8201958,2.568788134,4.788854439,4.309590341,4.436449202,4.406772559,4.586539377,4.439298132,4.29638681,4.372355442,3.754364824,4.751904691,4.613338691
4.92,14.34,134.5969372,73.04,71.51509857,58.86662674,59.31985092,47.26743317,42.7521286,101.6216125,36.35945511,83.46149966,86.1146878,2.663052835,4.902284662,4.291007236,4.269908596,4.075274321,4.082944004,3.855821542,3.755418986,4.621256234,3.593454283,4.424385444,4.455679987
4.77,11.96,35.06334046,63.8,61.75134659,76.82971191,93.78133392,58.60936737,40.59193802,95.02355957,71.5186615,79.65969393,82.26668277,2.481567749,3.557156153,4.15575319,4.123115782,4.341591439,4.540965837,4.070894537,3.703569476,4.554124856,4.269958416,4.377763736,4.409966199
4.95,12.57,36.0965598,58.89,55.62950897,71.22180176,54.06163788,102.5792542,57.94781494,128.9896698,74.12514496,95.88160327,112.7486601,2.531313023,3.586197564,4.075671297,4.018713797,4.265798976,3.990124838,4.630635712,4.059542863,4.859732322,4.305754813,4.563114131,4.725161094
4.9,11.42,48.19654219,59.08,49.59912872,73.84509277,71.95194244,45.5282402,64.62189484,102.033699,43.89590454,82.3826071,84.95063855,2.435366204,3.87528728,4.078892458,3.903973267,4.301969558,4.27599843,3.818332797,4.168553283,4.625303141,3.781821025,4.411374336,4.442070365
4.89,11.66,17.61622867,61.96,51.03903961,74.91799164,84.13798523,65.25806427,52.11735916,58.93058014,67.6783905,80.43932055,83.00585097,2.456164181,2.868820561,4.126489016,3.932590822,4.31639407,4.432458132,4.178349629,3.953498083,4.076360143,4.214766934,4.387503118,4.418911099
4.99,11.56,44.72173253,54.51,74.51002502,62.33881378,74.49567413,100.064415,33.97538376,149.0618439,80.1708374,81.88544547,91.46403355,2.447550863,3.80045957,3.998384171,4.31093368,4.132584246,4.310741058,4.605814129,3.525636255,5.00436128,4.384159825,4.405321264,4.515945819
5.01,10.08,27.48456458,59.28,50.86001968,58.51786423,47.3278656,110.7916489,23.31752014,106.7869415,64.65911865,94.05190415,84.78519788,2.310553263,3.313624559,4.082271981,3.929077147,4.069332079,3.857099247,4.707651401,3.149205015,4.670835648,4.169129142,4.543846802,4.440120974
4.9,18.61,59.73266382,60.44,72.52986145,71.11644745,100.4476547,69.78369141,41.88372803,83.08111572,70.07432556,76.73695938,75.56315595,2.923699071,4.089879003,4.101651137,4.283998359,4.264318638,4.609636743,4.245400335,3.734897399,4.419817428,4.249556472,4.340383462,4.324968809
4.79,14.53,31.23259476,63.98,59.8413887,65.16531372,69.16750336,79.72940826,35.20516586,154.7365112,68.3313446,97.69672419,91.12969883,2.676215478,3.441462253,4.158570535,4.09169754,4.176927329,4.236531148,4.378638505,3.561192829,5.041723743,4.224368587,4.581868029,4.512283754
4.6,13.08,36.2766463,63.46,71.13732147,54.99327469,28.43398476,110.5976257,34.04615021,87.80557251,47.79152679,101.8956179,83.61323408,2.571084346,3.591174182,4.150409786,4.264612114,4.007210899,3.347585076,4.705898621,3.527716963,4.475124967,3.86684836,4.623948935,4.42620181
4.68,12.78,42.45996474,67.49,68.7592392,60.84606171,45.65317535,74.188591,39.64413452,86.8629837,77.08946228,94.71720906,76.18691761,2.547881449,3.748561626,4.211979439,4.230611116,4.108347096,3.821073163,4.306610378,3.679943006,4.464331977,4.344966595,4.550895706,4.333189763
4.82,15.4,25.43432021,74.12,44.78275299,47.69234467,37.95064926,48.65172958,42.00607681,84.8600235,136.7205811,83.46434899,74.30745171,2.734367509,3.236099451,4.305685401,3.801823087,3.864770896,3.636286612,3.884687359,3.737814294,4.441003117,4.917939289,4.424419582,4.308211239
3.91,21.22,148.9329355,72.36,90.0072937,94.66285706,117.5662918,151.1452942,76.18293762,39.61501694,56.73624039,77.60296965,75.36807363,3.054944133,5.003496107,4.281653661,4.499890708,4.550321706,4.76700236,5.018241587,4.333137522,3.679208262,4.038413167,4.351605695,4.322383759
3.72,23.38,154.1409048,79.92,109.8926544,166.7332001,186.6208649,267.5460815,178.9587097,61.48648453,90.57120514,69.82748672,94.64316086,3.151880956,5.03786715,4.381026134,4.69950402,5.116394931,5.229079098,5.589291819,5.187155107,4.118817387,4.506136338,4.246027725,4.550113618
3.84,18.49,122.1359633,85.8,90.64006805,96.88045502,141.7201691,147.1581879,68.95202637,85.83960724,92.54260254,76.98911548,97.35279334,2.917230045,4.805134877,4.452019006,4.506896367,4.573477796,4.953854473,4.991508116,4.233410993,4.452480523,4.527669106,4.343664054,4.578341425
3.08,23.01,94.69215131,94.77,106.5661621,97.73733521,88.44246674,113.9740677,58.10637283,57.53176117,108.4284668,75.93914769,72.9358514,3.135928904,4.550631117,4.551452903,4.668766033,4.582283627,4.482352247,4.735970946,4.062275345,4.052337163,4.686090663,4.329932331,4.289580307
3.29,23.61,125.2693112,91.69,116.9908981,98.01473236,116.0400543,120.6578827,81.57663727,125.646286,93.82692719,90.94471974,72.56060659,3.161670351,4.830465909,4.518413322,4.762096138,4.585117798,4.753935427,4.792959125,4.401542913,4.833470705,4.541451885,4.510251847,4.284422166
1.92,23.17,238.2866373,92.97,177.0422058,160.2590485,186.539093,224.4404602,129.9138031,124.265892,142.8052368,76.38003494,74.37611808,3.142858338,5.473474307,4.53227686,5.176388155,5.076791559,5.228640831,5.413610461,4.866871177,4.82242356,4.961481722,4.335721339,4.309134897
1.81,24.02,102.750519,95.39,108.3147354,128.7845459,127.3486557,144.9771423,119.0305023,143.6300659,157.7542725,88.16442454,73.85223955,3.178886817,4.632303904,4.557973751,4.685041206,4.858140821,4.846928645,4.976576091,4.779379782,4.967241007,5.061038585,4.479203532,4.302066334
1.36,26.28,161.235678,105.45,114.4745712,139.8707275,91.62520599,191.3272247,100.893959,145.3533173,174.0117188,73.54504544,94.10876895,3.268808194,5.082867133,4.658236907,4.740352713,4.940718621,4.517706408,5.25398518,4.614070054,4.97916745,5.159122646,4.297898082,4.54445123
1.41,23.43,88.15247823,112.58,98.19770813,96.74758148,78.17948151,120.2012024,92.03775024,145.4421997,145.5144958,73.39338527,91.89627908,3.154017253,4.479068022,4.72366408,4.586982876,4.572105334,4.359007228,4.789167025,4.522198822,4.979778755,4.980275709,4.295833813,4.52066054
1.85,18.18,48.31972309,125.4,88.6734314,76.82344055,53.69578934,73.11942291,57.07178116,111.4049988,100.6835785,81.96152039,107.0484028,2.900322089,3.877839823,4.831508628,4.484960311,4.341509809,3.983334588,4.292094035,4.044309794,4.713172199,4.611982713,4.406249874,4.673281095
1.87,19.83,51.21319244,133.88,89.13687897,106.4278412,114.4253693,108.1952896,85.61047363,103.0274963,157.0119324,56.29097808,82.81294228,2.987195943,3.935997164,4.896943876,4.490173154,4.667467208,4.739922814,4.683937831,4.449807631,4.634995907,5.056321805,4.030534275,4.416584357
1.65,25.92,94.88114733,133.37,115.1027222,87.93302155,85.72582245,87.52262878,70.77664185,25.9875412,152.1179199,80.76726187,87.29113013,3.255014871,4.552625028,4.893127221,4.745824966,4.476575406,4.451154092,4.471897375,4.259529029,3.257617239,5.024656009,4.391571709,4.469248856
1.69,22.57,66.78899498,116.67,81.16308594,92.29638672,86.25924683,107.7161789,78.42800903,85.45172882,205.6284485,153.5595882,70.10380876,3.116621591,4.201538321,4.759349437,4.396460537,4.525004994,4.45735726,4.679499795,4.362181122,4.447951641,5.326070892,5.034088688,4.249977126
0.9,21.99,202.1720929,104.11,238.171875,156.0435028,155.9117584,206.8439789,126.7844849,120.6571274,298.3870239,129.0689034,84.19480815,3.090587805,5.30911928,4.645448032,5.472992577,5.050134832,5.049290196,5.331964784,4.842488676,4.792952865,5.698391382,4.860346397,4.433133258
0.44,45.26,181.9019392,76.61,241.7722778,216.5917816,256.0717773,272.4897461,140.9512634,199.2349548,187.5682373,100.8231374,90.97592763,3.81242364,5.203467746,4.338727617,5.487996282,5.378014391,5.545457785,5.607600984,4.948414181,5.294484806,5.234142711,4.613367867,4.51059494
0.01,53.68,142.7077398,57.31,162.7133789,156.7744598,188.7566986,170.8104095,119.7324982,111.7271118,194.23703,112.2145954,99.27257582,3.983040493,4.960798761,4.048475129,5.091990241,5.054808211,5.240458877,5.140554225,4.785260073,4.716059396,5.269079217,4.720413068,4.597869358
0.11,62.98,113.5509472,41.12,157.8286743,136.7845612,192.4884491,217.359787,66.90203094,143.165802,232.7663879,96.64414911,89.54149385,4.142817216,4.73225161,3.716494621,5.061510105,4.918407142,5.260036147,5.381553985,4.203229325,4.964003413,5.450035324,4.571035667,4.494702136
0.24,39.19,71.8785307,41.71,184.8178253,159.9938354,174.7227325,216.7999573,95.44641876,121.8899994,223.546875,99.72913723,99.27209062,3.668421612,4.274977621,3.730740908,5.219370612,5.075135286,5.163200332,5.378975073,4.55856503,4.803118994,5.409621124,4.602457883,4.59786447
0.26,45.52,145.2466263,39.09,202.5479584,139.6969757,121.999321,163.9576874,110.5293808,57.71405411,170.9781342,93.34286623,96.9300351,3.81815179,4.978433169,3.66586668,5.31097669,4.939475617,4.804015479,5.099608391,4.705281375,4.055500716,5.141535678,4.536279447,4.573989431
0.21,52.65,93.09614136,47.94,167.9912262,133.4607086,144.3331146,125.6445541,89.28048706,94.72406769,184.4957581,96.42250574,103.4984698,3.963666239,4.533632737,3.869950229,5.123911753,4.893807117,4.972123924,4.833456921,4.491782954,4.550968115,5.217626472,4.568739636,4.639556828
0.14,42.04,71.04363567,49.65,107.9272537,119.9991989,120.310997,126.0774536,62.79237366,92.35388184,152.9133301,112.3932942,98.02776404,3.738621546,4.263294275,3.90499839,4.681457423,4.787485067,4.790080032,4.836896429,4.139833628,4.52562774,5.029871291,4.722004276,4.585250745
0.14,35.3,88.83601039,59.03,125.9446259,122.9600983,112.8020325,117.1136856,57.23199844,45.95503616,91.16470337,91.03908833,99.57881783,3.563882964,4.48679209,4.078045789,4.835842333,4.811859899,4.725634358,4.763145135,4.047113155,3.827663444,4.512667798,4.511288956,4.60094947
0.19,29.63,44.02606696,69.64,112.472641,113.2389145,136.3208313,111.8803253,64.30873871,122.244133,131.5288086,101.4492734,96.78010282,3.388787362,3.784781889,4.243339115,4.722710001,4.729499874,4.915011161,4.717429776,4.163695527,4.806020135,4.879225904,4.619558904,4.572441424
0.18,27.95,46.60460584,64.15,104.3551102,95.94822693,79.35401917,108.0083008,54.37477875,95.6137619,103.9319153,97.58538248,78.87160646,3.3304172,3.841699374,4.161224091,4.647799604,4.563808743,4.373919097,4.682208083,3.99590042,4.560316763,4.643736024,4.580727713,4.367821296
0.15,25.56,46.04740416,71.05,111.1743393,91.37744141,122.8791656,98.04608917,63.1121254,94.16583252,92.43109131,104.5381643,91.00381057,3.24102863,3.829671391,4.263383855,4.711099593,4.514998636,4.811201479,4.585437666,4.144912913,4.545057404,4.526463408,4.649552213,4.51090138
0.14,28.9,71.18106653,69.41,99.00963593,104.3236008,59.58785248,118.8825684,89.88890076,32.38641357,160.9516449,98.79689426,90.95457677,3.363841595,4.265226864,4.240030949,4.595217178,4.647497614,4.087451736,4.778136186,4.498574472,3.477739001,5.081103978,4.59306617,4.510360226
0.05,28.68,30.44925687,75.72,86.24175262,105.0401382,84.36804962,124.047821,70.37998962,67.62960052,75.79626465,81.87873795,80.29444218,3.356200016,3.416061589,4.327042326,4.45715443,4.654342546,4.435188771,4.820667144,4.253908984,4.214045765,4.328049012,4.405239347,4.385700405
0.06,29.78,108.7670688,77.99,99.77926636,133.0074921,106.5705795,213.2901001,83.55393219,109.0628052,68.89027405,81.24188205,88.80309471,3.393837027,4.689208612,4.356580613,4.60296041,4.890405458,4.668807484,5.362653211,4.425492318,4.691923911,4.232515008,4.397430903,4.4864215
0.06,21.12,71.07693765,74.47,108.3960953,115.2626114,76.33285522,140.3594513,74.96387482,130.1064606,74.85823059,100.2359545,88.85165356,3.050220459,4.263762919,4.31039636,4.685792067,4.747213102,4.335103451,4.944206641,4.317006328,4.868353043,4.315596066,4.607526952,4.486968165
0.08,21.68,107.869463,78.33,136.8638611,142.0035553,105.5710831,147.080368,136.5350494,93.92060852,95.7820816,76.28019176,78.6755647,3.076390177,4.68092182,4.360930671,4.918986717,4.955852095,4.659384499,4.990979158,4.916581354,4.542449835,4.562075628,4.334413295,4.365332621
0.13,21.48,80.11703622,76.39,116.72155,136.7390594,121.4370117,171.1174774,104.3479843,146.2115326,103.4443741,51.82635573,75.01627665,3.06712227,4.383488518,4.335851798,4.759791184,4.918074434,4.799395706,5.142350323,4.647731317,4.985054427,4.63903402,3.947898818,4.317705112
0.16,19.06,44.52599666,81.2,124.6875,137.8383026,116.4701996,169.5692139,83.57966614,67.2061615,90.39569855,76.18613481,65.7180938,2.947591898,3.796073213,4.396915247,4.825810607,4.926081278,4.757635443,5.133261185,4.425800263,4.207764932,4.504196684,4.333179488,4.185374288
0.16,17.47,42.10283668,84.29,123.7022018,152.7844696,153.8355408,152.00737,107.8927002,71.59265137,46.74542999,105.9379303,73.02563886,2.860485124,3.740115118,4.434263234,4.817877079,5.029028233,5.035884115,5.023929007,4.681137217,4.270992434,3.844716497,4.662853359,4.290810597
0.16,20.19,54.59911353,73.74,147.7632446,203.3052521,156.3809509,368.2284546,162.265213,162.1067505,156.5486145,66.68983883,96.30825055,3.005187432,4.000017647,4.300545393,4.995611294,5.314708555,5.052295023,5.908703546,5.089232114,5.088255072,5.053366598,4.2000526,4.567553991
0.18,30.17,102.0050105,75.34,129.732193,171.4026642,143.1194611,135.4588623,130.7987976,123.899971,130.013504,98.23400305,80.92672364,3.406848053,4.625021935,4.322011202,4.865472272,5.14401555,4.963679674,4.908667995,4.873660246,4.819474555,4.867638322,4.587352419,4.393544099
0.15,30.12,159.494038,76.32,196.9472351,186.5552368,193.8954315,187.116806,130.4767303,123.3189545,70.81567383,66.69306384,74.07479501,3.405189403,5.072006542,4.334935027,5.282935851,5.228727371,5.267319001,5.231733053,4.871194899,4.814774125,4.260080358,4.200100957,4.305075326
0.14,22.01,133.6367676,76.6,127.2281723,172.8160553,146.9262695,170.7781067,158.8050385,161.8739319,104.1029892,73.99464294,77.80727781,3.091496896,4.89512543,4.338597077,4.845982107,5.152227765,4.989930893,5.140365092,5.067677277,5.086817834,4.64538069,4.303992698,4.354234972
0.16,23.19,108.2014296,75.24,186.7412262,161.6901398,111.5932465,214.5264282,114.1054459,104.3562241,121.5974274,67.90990157,84.01844521,3.143721151,4.683994579,4.320683004,5.229723841,5.085681786,4.714860533,5.368432939,4.737122985,4.647810278,4.800715813,4.21818185,4.431036361
0.12,22.5,109.0729368,81.89,154.7627563,186.1411133,116.3797455,309.0108948,72.41765594,83.02374268,74.11595917,79.87699199,109.6245833,3.113515309,4.692016803,4.405376883,5.04189334,5.22650506,4.756858512,5.733376535,4.282450136,4.419126623,4.305630883,4.380487851,4.69706165
0.17,21.57,114.8108344,84.25,175.0442657,172.6881714,137.2138214,152.4380035,133.3426056,79.66757965,82.42306519,99.56051003,104.0929349,3.07130346,4.743285856,4.433788569,5.165038889,5.151487491,4.921540449,5.026757979,4.892921798,4.377862723,4.411865315,4.6007656,4.645284105
0.12,19.39,77.00285044,89.15,151.5533447,183.0759888,179.4143066,311.90802,118.321167,122.2559738,110.6732407,78.59963228,103.0464288,2.964757469,4.34384244,4.490320344,5.020937673,5.209901306,5.189697693,5.742708337,4.773402681,4.806116993,4.706582082,4.364367021,4.635179652
0.15,17.61,44.67372723,89.17,111.4928131,143.0317383,140.9458466,162.4641876,120.2845459,56.33475876,172.6804047,86.51290041,101.8583124,2.868466923,3.799385571,4.49054466,4.713960132,4.963066552,4.94837575,5.090457593,4.789860152,4.031311729,5.151442514,4.460293541,4.623582753
0.15,17.3,41.62163016,88.58,104.5623627,122.4457855,93.27111816,210.0111847,61.84259033,75.13648224,46.08258057,79.07580088,98.74911991,2.850706502,3.728619988,4.483906098,4.649783666,4.807668365,4.535510501,5.34716079,4.124592291,4.319306223,3.830435017,4.370406897,4.592582491
0.09,20.7,70.49472001,102.86,153.8417206,154.4015198,123.7856827,271.0741272,106.3484497,84.23371887,131.2483673,120.0987138,119.7713169,3.0301337,4.255537814,4.63336884,5.035924286,5.039556481,4.818551705,5.602392316,4.666720964,4.433595303,4.877091462,4.78831402,4.785584232
0.04,17.4,62.22722475,109.53,124.8465805,145.508606,80.16926575,241.7879486,161.9064636,111.9054031,153.0111389,77.18291592,77.24655227,2.856470206,4.130792601,4.696198484,4.827085627,4.980235233,4.384140221,5.488061097,5.087018783,4.717653899,5.030510722,4.346178136,4.347002284
0.06,15.99,55.08151473,100.9,84.54916382,134.2150726,93.21103668,164.0336456,98.41831207,91.91007233,26.14408493,80.21216041,77.53051267,2.771963527,4.008814174,4.614129927,4.437333186,4.899443533,4.534866134,5.100071563,4.589226885,4.520810624,3.263622967,4.384675129,4.350671571
0.03,18.09,91.96403892,96.26,139.0379028,168.2958832,172.594696,228.3782043,139.9686432,92.58963013,39.5900116,81.43158134,87.93521767,2.895359299,4.521397619,4.567052864,4.934746578,5.12572364,5.150946048,5.431003045,4.94141842,4.52817715,3.678576854,4.399763175,4.476600381
0.1,15.87,160.6455721,97.3,207.1603088,183.4023438,184.0122986,211.3640137,185.0452728,162.2380219,207.3971863,68.81345412,69.1109335,2.764430535,5.079200523,4.577798989,5.333492932,5.211682339,5.215002596,5.35358183,5.220600513,5.089064528,5.334635729,4.23139928,4.235712945
0.02,24.79,231.1489688,86.33,283.6655884,230.2989349,280.6147461,256.7083435,183.2415009,191.0654449,186.7314758,91.81445574,94.2699617,3.210440346,5.443062389,4.458177162,5.647796039,5.439378182,5.636982718,5.54794059,5.21080496,5.252616013,5.229671627,4.519769755,4.546162599
0.02,33.92,122.6990252,85.52,214.4261017,280.058136,377.8437805,312.2534485,192.5147858,241.7758179,158.0556335,61.93214895,86.58168844,3.524004811,4.809734407,4.448750267,5.367965165,5.63499721,5.934480831,5.743815193,5.26017296,5.488010924,5.062947082,4.126039414,4.461088343
0.01,45.45,75.55926705,86.32,137.8392487,241.7518463,217.8192749,298.8521118,103.9620667,158.8322601,238.70961,68.90643989,100.0144813,3.816612821,4.324917342,4.458061321,4.926088142,5.487911772,5.383665705,5.699948842,4.644026089,5.067848677,5.475247792,4.232749641,4.605314989
0.01,32.74,78.17902266,97.16,143.7145538,304.6002197,327.9483948,361.369873,181.497879,271.6360779,363.5231018,93.78004719,107.0003589,3.488597572,4.359001359,4.576359104,4.967829067,5.719000162,5.792856263,5.889902013,5.201243968,5.604463222,5.895842849,4.540952117,4.672832189
0.02,27.52,88.3977209,98.56,183.088623,228.871582,203.2061462,283.2514038,102.0970688,151.1230316,324.4626465,105.9297363,105.2937589,3.314913013,4.481846188,4.5906655,5.209970314,5.433161069,5.314220962,5.646334856,4.625924016,5.018094284,5.782170419,4.662776009,4.656754148
0.06,23.4,76.10838963,100.27,154.4180298,216.7344513,193.761673,289.3977661,133.0000916,205.8533783,298.7026367,106.9862012,100.2163428,3.152736022,4.332158504,4.607866548,5.039663404,5.378672877,5.266628914,5.667802095,4.890349817,5.32716416,5.699448552,4.672699865,4.607331277
0.08,17.98,71.55014348,102.2,119.4354324,193.4443512,127.2582779,299.1496277,130.8705139,194.1283112,236.0895233,159.5776414,133.2831825,2.889260029,4.270398511,4.626931678,4.782775911,5.26498988,4.846218706,5.700943875,4.874208391,5.268519338,5.464211069,5.072530584,4.892476056
0.07,17.29,30.02006196,106.16,98.74810791,177.492691,112.1820602,219.1388397,154.3274231,219.3765869,242.7279968,124.3889593,109.0296875,2.8501283,3.40186589,4.66494739,4.592572243,5.178929431,4.720123089,5.3897055,5.039076469,5.390789828,5.491941462,4.823413425,4.691620208
0.1,15.64,62.48596278,103.32,96.96967316,216.9958649,139.8486328,330.9455261,187.6975555,128.8316956,155.8289337,104.3672644,105.8460388,2.749831735,4.134941936,4.637830968,4.574398282,5.379878298,4.940560643,5.801953788,5.23483192,4.858506867,5.048758827,4.647916067,4.661985574
0.07,16.88,61.2218438,94.66,135.879837,234.7557831,169.5964813,313.9736633,172.1969299,103.851387,216.2519531,105.830176,86.41407342,2.826129489,4.114504051,4.550291524,4.911770944,5.458545753,5.133421976,5.749309108,5.148638763,4.642960906,5.376444177,4.661835696,4.459150549
0.09,26.66,131.7220107,82.3,197.460968,244.502121,202.4900665,380.1791687,200.2598572,98.4105835,304.5527344,110.5608732,93.33735246,3.283164315,4.880693722,4.410371108,5.285540934,5.499223984,5.310690831,5.940642638,5.299615809,4.589148354,5.718844256,4.705566258,4.536220376
0.11,16.8,123.2763436,87.9,180.8035431,206.9815674,237.9815826,241.5575409,106.8473511,104.9392242,301.5229187,114.9864133,76.38979808,2.821378886,4.814428531,4.476199805,5.197411045,5.332629743,5.472193287,5.487107709,4.671401191,4.653381365,5.708846029,4.744813976,4.335849154
0.09,17.57,107.4255666,94.13,142.9552917,150.6771851,161.6062012,144.7993164,108.708374,78.06387329,215.3175201,63.25674439,66.88776816,2.866192902,4.676798204,4.544676806,4.962531936,5.015139701,5.085162519,4.975348759,4.688668829,4.35752738,5.372113776,4.147201753,4.203016113
0.1,17.47,136.6684875,94.51,182.107193,209.9119415,227.4226074,243.7095184,165.1533661,250.4549561,161.9789886,83.76584574,102.7345363,2.860485124,4.917558194,4.548705649,5.204595486,5.346688117,5.426809993,5.495977018,5.106874534,5.523279088,5.087466627,4.428025356,4.632148344
0.11,15.71,89.77890547,89.49,166.1284027,219.0826569,174.7027283,284.0088501,135.0956726,169.32164,300.7020874,97.36074382,95.02602205,2.754297452,4.497350042,4.494126887,5.112761,5.389449087,5.163085834,5.6490054,4.905983213,5.131800101,5.706120032,4.578423089,4.55415077
0.08,17.59,126.0698109,86.53,205.8646698,233.5614014,214.8198242,332.8208618,107.8886719,36.58501816,306.3358459,85.41232739,106.0183191,2.867330559,4.836835808,4.460491175,5.32721901,5.453445004,5.36979965,5.807604393,4.68109988,3.599638817,5.724682036,4.447490439,4.663611901
0.05,16.64,104.012226,87.86,214.9519501,215.6684875,170.515213,270.1315308,131.5709839,156.4324951,192.7684021,98.19651551,101.9960375,2.811809435,4.64450845,4.475744639,5.370414515,5.373742449,5.138824519,5.598908991,4.879546507,5.052624576,5.261489479,4.586970731,4.624933964
0.07,14.68,97.48262089,94.76,199.3589478,239.8154297,198.884201,318.2390442,119.6453094,197.7275848,208.5545197,91.4264086,101.6216258,2.686486023,4.579674115,4.551347379,5.295106958,5.479869585,5.292722751,5.762802812,4.784531611,5.286890249,5.340200492,4.515534371,4.621256365
0.11,12.9,77.29902954,95.31,128.5625,194.1660919,152.4201813,242.8760223,80.58383942,151.2452545,162.2560272,103.6545017,145.3835464,2.557227311,4.347681401,4.557134737,4.856415167,5.268713937,5.026641058,5.492551117,4.389298126,5.018902721,5.089175503,4.64106327,4.979375398
0.07,15.36,74.67810942,92.94,146.1158447,245.3469238,201.0030365,259.2550964,189.0225677,230.1564331,83.76907349,86.76314209,113.5713462,2.731766728,4.313187003,4.531954124,4.984399764,5.502673224,5.303320015,5.557812505,5.241866414,5.438759222,4.428063888,4.463181901,4.73243124
0.05,12.78,34.01666527,92.02,135.4405823,205.6240692,131.4647369,300.5311584,124.0137482,167.3418274,147.9531708,115.2776154,121.8162546,2.547881449,3.52685056,4.522005945,4.908533037,5.326049595,4.878738655,5.705551437,4.820392432,5.120038591,4.99689581,4.747343266,4.8025138
0.04,13.59,35.08108827,94.51,109.028038,139.1382141,65.21713257,256.8084106,75.45863342,150.0585938,82.95886993,116.9476434,99.99209246,2.609334228,3.55766219,4.548705649,4.691605079,4.935467785,4.177722204,5.548330323,4.323584604,5.011025843,4.418344942,4.761726342,4.605091107
0.04,16.28,55.33706099,95.77,126.6258545,177.5346375,126.394722,293.7850647,112.6151199,192.2878723,40.4032135,116.2364827,109.343276,2.789937361,4.013442865,4.561949484,4.841236711,5.179165731,4.839409725,5.682848428,4.723975986,5.258993584,3.698909324,4.75562676,4.694492255
0.04,16.44,51.4595493,104.67,91.43748474,166.712677,160.8444977,215.330307,87.57661438,82.51089478,115.4674759,70.87178338,71.56533781,2.79971739,3.940796049,4.650812544,4.515655512,5.116271834,5.080438045,5.372173161,4.472514003,4.412930343,4.748988896,4.260872377,4.270610848
0.03,11.98,76.71285394,106.57,108.7583694,146.0397491,131.1768646,143.9303741,76.76525116,207.5593414,139.7595367,116.2830748,85.32163301,2.483238593,4.340069282,4.668802046,4.689128627,4.983878839,4.876546524,4.969329669,4.340752079,5.335417281,4.939923351,4.756027518,4.446428033
0.02,17.01,93.53116019,106.29,179.8897247,179.7052765,130.391037,244.4139404,143.3348083,214.216629,69.790802,161.6116338,102.911822,2.833801406,4.538294645,4.666171208,5.192344023,5.191318156,4.870537912,5.498863265,4.96518321,5.366987788,4.245502225,5.085196135,4.633872524
0.04,16.6,159.4561084,100.54,225.3733063,210.5253906,209.0070496,287.1696472,147.5161133,153.6882477,97.59776306,85.05578904,73.41815507,2.809402695,5.071768702,4.610555658,5.417758166,5.349606266,5.342367982,5.660073146,4.993937413,5.034926185,4.580854574,4.443307383,4.296171249
0.06,13.28,67.16274175,93.86,89.91516876,156.7050629,110.1591949,185.9593964,66.08608246,77.41041565,81.02541351,94.21303501,107.8272266,2.586259144,4.207118656,4.54180431,4.498866656,5.054365458,4.701926546,5.225528351,4.190958172,4.349121341,4.394762853,4.545558548,4.680530192
0.07,14.23,95.22825316,97.63,115.0207443,157.9986267,166.1023712,223.9708862,106.2575455,206.5607758,137.2324524,105.6729183,113.3508681,2.655352412,4.556276675,4.581184823,4.745112497,5.062586341,5.112604292,5.411516071,4.665865822,5.330594683,4.921676221,4.660348647,4.730488036
0.02,14.23,76.3170739,94.62,107.7051392,154.5024414,106.1858063,221.4137878,119.8805542,255.2407227,103.4443741,113.1249636,94.87359733,2.655352412,4.334896687,4.54986887,4.679397301,5.040209898,4.665190449,5.400033294,4.786495865,5.54220711,4.63903402,4.72849308,4.552545451
0.05,21.44,44.05551531,100.82,93.36928558,148.436615,134.5987244,139.9690857,111.6753922,162.4572601,66.52954865,80.33451828,86.37350553,3.065258336,3.78545055,4.613336749,4.536562443,5.000158032,4.90229794,4.941421582,4.715596379,5.090414952,4.19764619,4.386199395,4.45868098
0.05,16,45.16197703,100.8,101.0187302,156.8434143,130.7783508,221.9961395,61.94990158,123.9875946,134.9426117,222.6241027,128.0279473,2.772588722,3.810255517,4.613138356,4.615305947,5.055247947,4.873503912,5.402659992,4.126326019,4.820181517,4.90484959,5.405484711,4.852248578
0.03,13.09,25.73011666,102.07,96.99343109,116.4854813,93.58223724,175.9914551,78.97716522,254.0847168,84.26825714,196.5842687,94.55019663,2.57184858,3.24766216,4.625658852,4.574643255,4.757766641,4.538840592,5.170435443,4.369158763,5.537667742,4.434005248,5.281091188,4.549130875
0.04,12.91,30.26387097,102.18,102.0150452,146.2919159,129.2180023,188.4292297,95.90200806,370.5062256,80.76277161,194.0754448,142.5823796,2.558002205,3.409954624,4.626735964,4.625120304,4.985604049,4.861500918,5.238722497,4.563326921,5.914870248,4.391516112,5.268246974,4.959919935
0.04,11.58,18.68332577,105.79,85.96846771,111.7961044,70.29832458,159.1837006,88.37528992,143.5271912,102.2316513,149.9065966,111.2679102,2.449279472,2.927631456,4.661455997,4.453980574,4.716676716,4.252747966,5.070058885,4.481592405,4.966524503,4.627241329,5.010012411,4.711940899
0.03,10.82,42.36643003,103.59,78.50600433,119.9339294,105.1963501,148.7422028,59.81514359,153.2280731,127.4802856,164.0832286,110.5067413,2.381396273,3.746356304,4.6404408,4.36317511,4.786941003,4.655828605,5.002214625,4.091258866,5.031927485,4.84796173,5.100373791,4.705076526
0.03,17.03,34.95971678,96.54,63.87733459,133.3153687,142.9677887,132.2171783,89.2325592,246.013031,151.0019073,175.0009174,112.7794416,2.834976495,3.554196449,4.56995743,4.156964597,4.892717515,4.962619351,4.884445861,4.491245986,5.505384506,5.017292468,5.164791216,4.725434067
0.02,12.25,45.6362195,93.21,86.21659088,190.2155762,177.0050201,242.4857483,107.0651474,284.6849365,185.7619019,186.7060775,110.6816166,2.505525937,3.820701689,4.534855012,4.456862629,5.248158041,5.176178094,5.490942939,4.673437503,5.651383083,5.224465756,5.229535602,4.706657761
0.01,16.16,41.2695438,84.4,113.3345795,150.0306396,150.6270142,208.5667725,112.006958,161.5838318,240.4953156,126.2891269,99.2389469,2.782539053,3.72012479,4.435567402,4.730344324,5.010839537,5.014806676,5.340259242,4.718560994,5.08502409,5.482700612,4.838573936,4.597530547
0.02,14.73,32.1126885,75.79,93.18595123,152.424881,109.4572754,195.1889038,120.053093,315.3268738,112.7389832,136.8916067,110.1764675,2.68988623,3.469251232,4.327966358,4.534596972,5.026671891,4.695534294,5.273967827,4.787934087,5.753609795,4.725075264,4.919189421,4.70208333
0.04,12.85,37.34541893,59.29,87.41532135,176.023941,152.4196014,261.0257568,129.9525146,321.743103,93.96096039,127.7025076,107.0498592,2.553343811,3.620210252,4.082440658,4.470670569,5.170620014,5.026637253,5.564619088,4.867169111,5.77375341,4.542879381,4.849703399,4.6732947
0.02,17.79,51.93628701,47.22,120.5442276,168.9852295,201.2724762,178.6987152,144.1611786,345.4550781,232.2151031,142.1853343,96.70810067,2.878636502,3.950017718,3.854817532,4.79201672,5.129811312,5.304659593,5.185701232,4.970931969,5.844862615,5.447664111,4.957131378,4.57169717
0.02,19.43,36.31179571,50.58,87.60946655,155.0936584,161.2988281,238.4951172,97.26573944,298.5555725,117.68367,185.301653,90.80233178,2.966818263,3.592142639,3.923556241,4.472889058,5.044029182,5.08325872,5.474348837,4.577446815,5.698956088,4.768000262,5.221985054,4.508684966
0.03,13.04,33.92811263,47.82,95.97896576,131.7454376,80.5553894,174.1975708,75.97635651,239.8610687,82.09329224,136.665263,90.84649762,2.568021556,3.524243952,3.867443962,4.564129061,4.880871558,4.388945015,5.160190119,4.330422193,5.480059875,4.407856311,4.9175346,4.509171243
0.01,14.67,35.80220842,54.45,103.5449524,147.3209534,105.4914856,211.1349182,145.7596588,222.4618378,105.3183517,152.652565,100.7024296,2.685804592,3.578009579,3.997282849,4.640005841,4.992613563,4.658630244,5.352497352,4.981959093,5.404755571,4.656987684,5.028164522,4.612169927
0.01,12.7,31.08436626,59.27,102.3187027,165.5847626,113.3971939,197.7985687,71.11995697,124.7078629,127.5528107,122.7990433,96.56353955,2.541601993,3.436705,4.082103276,4.628092478,5.109483224,4.730896646,5.287249183,4.264367986,4.825973905,4.84853048,4.810549225,4.570201233
0.01,14.24,33.04261791,59.82,115.8802872,193.947998,212.8246918,303.5277405,118.8824844,161.0889282,123.3431396,133.315381,85.17086864,2.656054906,3.49779818,4.091340053,4.752557651,5.267590072,5.360468784,5.715473008,4.778135479,5.081956562,4.814970224,4.892717607,4.444659458
0.08,16.79,52.275352,50.9,98.73478699,184.4875336,176.3980408,314.7603455,86.4416275,62.65724945,268.709198,125.9274513,96.6867491,2.820783471,3.956524979,3.929862924,4.592437336,5.217581893,5.172743037,5.751811541,4.45946936,4.137679388,5.593629747,4.835705958,4.571476362
0.08,12.56,74.79461288,42.87,156.5036163,143.7111511,158.6809082,171.7394562,104.7747345,180.0874481,224.0585938,113.5664049,101.6567685,2.530517161,4.314745862,3.758172281,5.053079117,4.96780539,5.066895319,5.145978539,4.65181266,5.193442556,5.411907597,4.732387731,4.621602124
-0.01,26.09,104.9944017,45.48,171.9326782,194.4608307,165.8669586,263.0301819,134.9765015,315.6995239,393.2341003,165.497504,93.47500744,3.261552099,4.653907032,3.817272669,5.147102994,5.270230758,5.111186013,5.572268786,4.9051007,5.754790887,5.97440511,5.108956113,4.5376941
0.08,20.94,63.58585267,46.22,110.7019272,164.831131,187.6360016,231.9336853,144.2272644,174.1734314,244.8679504,162.1611663,78.36819419,3.041661205,4.152391003,3.833412605,4.706841249,5.104921501,5.234503924,5.446451492,4.97139028,5.160051535,5.500719087,5.088590694,4.361418159
0.22,14.15,35.1537256,42.44,89.58369446,164.4021454,193.5543518,200.9758759,103.7620239,155.7232819,104.7490768,152.3783306,106.2312192,2.649714624,3.559730604,3.748091314,4.495173322,5.102315532,5.265558361,5.30318488,4.642100045,5.048080598,4.651567745,5.026366445,4.665618032
0.16,15.91,60.35844994,37.19,101.9634323,147.418869,127.0860672,206.3948669,160.6074371,195.3005981,151.6144867,143.6554272,100.919755,2.766947842,4.100300953,3.616039908,4.624614242,4.993277984,4.844864551,5.329791164,5.078963109,5.2745399,5.021341027,4.967417565,4.614325696
0.32,18.21,55.45720481,31.68,154.8573151,209.7402802,203.995636,241.42453,276.3598938,55.09549713,261.9420776,135.3562275,107.0331057,2.901970894,4.015611639,3.455685567,5.042504145,5.345870004,5.318098601,5.486556919,5.621703979,4.009067991,5.568123401,4.907910025,4.673138186
0.33,21.98,65.95661833,30.32,148.3217773,227.7928162,181.8609009,324.0465393,226.0579834,190.3695526,269.0191956,164.0450166,97.47530191,3.090132949,4.188997228,3.411807561,4.999384085,5.428436515,5.203242114,5.780887145,5.42079153,5.248967197,5.594782736,5.100140882,4.579599032
0.21,17.09,50.41493833,37.55,130.4901581,227.7533112,190.5818329,253.6858673,124.9478836,183.2597046,323.1558533,114.6156552,80.7566074,2.838493497,3.920287527,3.625673378,4.871297807,5.428263075,5.250081671,5.536096759,4.827896719,5.210904298,5.778134725,4.741584402,4.391439784
0.22,13.1,37.04986349,40.75,96.413414,207.011261,124.1681824,216.3302917,177.816452,135.0334625,286.1773376,130.4991735,86.99855067,2.57261223,3.612264667,3.70745584,4.568645341,5.332773193,4.821636956,5.376806368,5.18075185,4.905522618,5.65661168,4.871366893,4.46589146
0.34,14.68,39.74792311,46.71,96.22233582,198.4647217,131.4611969,241.1156769,146.1041412,73.06627655,260.2574768,126.2999896,104.8500539,2.686486023,3.682557591,3.843958275,4.566661512,5.29061136,4.878711727,5.485276805,4.984319663,4.291366927,5.561671436,4.838659947,4.652531271
0.26,13.63,170.2187436,48.76,233.9561157,433.2774963,454.0054321,444.34198,265.2055969,249.3216705,357.2088013,83.65068759,91.26908447,2.612273246,5.137084337,3.886910305,5.455133558,6.071378392,6.118109163,6.096594491,5.580505363,5.518743912,5.878320488,4.426649647,4.513812115
0.27,14.77,116.0823669,44.65,164.4583893,424.3771667,331.6681824,410.0074158,172.0385437,97.64324951,558.222168,119.2984327,97.29256946,2.692598097,4.754299999,3.798854307,5.102657586,6.050622604,5.804135019,6.016175247,5.147718543,4.581320525,6.324757034,4.781628192,4.577722619
0.33,13.37,65.26916129,44.72,106.8856277,213.3665924,223.1273499,178.7202911,89.16914368,313.0686951,288.7802124,111.8273269,76.894843,2.593013391,4.178519663,3.800420829,4.671759363,5.363011777,5.407742684,5.185821964,4.490535057,5.74642264,5.665665888,4.716955958,4.342438813
0.28,11.98,39.3724855,45.18,86.34352875,232.697998,219.0773926,291.6730042,120.5889359,237.5003815,388.7496033,142.777482,110.7233779,2.483238593,3.673067235,3.810654511,4.45833386,5.449741467,5.389425058,5.675633326,4.792387538,5.47016923,5.962935443,4.961287348,4.707035
0.34,13.57,54.63936885,49.78,108.0641251,241.6306305,148.2605286,256.6236267,145.9373627,113.413559,261.8988953,145.3237342,89.16524501,2.607861474,4.000754664,3.907613297,4.682724802,5.48741024,4.998971055,5.547610524,4.983177507,4.731040952,5.567958533,4.978963903,4.490491334
0.48,19.32,111.1606108,45.66,254.1013184,392.8310547,322.2203369,448.5950928,225.2590027,233.3431244,475.670929,154.9239951,135.1644142,2.961140829,4.7109761,3.821222641,5.537733079,5.973379633,5.775235588,6.106120683,5.417250863,5.452510007,6.16472629,5.042934642,4.90649192
0.5,14.12,86.74044013,51.97,161.4247742,288.4284668,246.81427,408.2675476,168.2074585,323.782074,646.9110107,134.6526184,132.829671,2.647592232,4.462920213,3.950666629,5.08403924,5.664447107,5.50863611,6.011922713,5.12519809,5.780070678,6.472208744,4.902698265,4.889067638
0.52,14.04,86.05067716,52.5,195.0406342,320.0238037,335.64151,462.9656067,178.5695038,400.0167542,694.8494263,137.9800205,126.2176786,2.641910399,4.454936392,3.96081317,5.273207917,5.76839538,5.816043656,6.137652768,5.184977902,5.991506432,6.543695169,4.927108896,4.838008024
0.53,11.93,99.29187544,53.47,177.77771,237.0675507,170.4004364,379.4259644,106.1471634,227.8781281,464.5228271,142.9971216,125.7304997,2.479056236,4.598063749,3.979120749,5.18053395,5.468345125,5.138151175,5.938659491,4.664826465,5.42881096,6.1410107,4.962824501,4.834140725
0.75,11.81,50.93557316,49.33,154.6096802,267.0693359,222.1230164,521.5641479,128.6267395,291.4149475,533.3043823,96.38454739,116.5457224,2.46894663,3.930561563,3.898532415,5.040903749,5.58750831,5.403231356,6.256832273,4.856914718,5.674748188,6.279092335,4.568345892,4.758283663
0.79,12.38,36.36981846,51.06,157.6765442,249.2189178,204.8388214,574.6331787,152.6166229,143.6300659,322.3442688,149.588428,163.0875012,2.516082267,3.593739268,3.933001412,5.060545746,5.518331698,5.322223433,6.353731887,5.027929044,4.967241007,5.775620132,5.00788771,5.094286874
0.96,10.59,42.42730577,48.48,129.8880615,197.5896759,151.3844147,288.260437,51.34224701,139.0343628,451.9785156,105.8681514,118.6418294,2.35991016,3.747792159,3.881151342,4.866673014,5.286192536,5.019822394,5.663864367,3.938513942,4.934721117,6.113634647,4.662194465,4.776109117
1.01,9.75,47.22938022,45.18,120.6384659,274.3901672,192.2242889,308.5653076,104.0022049,107.0320282,328.5535889,100.3669671,103.3816867,2.277267285,3.855016161,3.810654511,4.792798188,5.614551061,5.258662862,5.731933515,4.6444121,4.673128119,5.794699957,4.60883314,4.638427835
