BT,Dif.CPI,Dif.EXVol,Dif.GDP,Dif.IP,Dif.IR,Dif.TS,log.Dif.CPI,log.Dif.EXVol,log.Dif.GDP,log.Dif.IP,log.Dif.IR,log.Dif.TS,WD,VIX,MPU,WTI,US.EPU,EU.EPU,GM.EPU,FR.EPU,ES.EPU,RS.EPU,CH.EPU,RS.EPU,CH.GeoRisk
0.012493498,10.683,1.513196603,1.59,3.485,9.96,-1.928,3.423708755,3.068666542,3.072230245,3.156361919,3.399863159,2.894363779,1.15,25.39,171.7552711,32.95,185.5916138,157.2820282,84.12831879,196.7913971,189.4419708,68.20256042,141.7656555,152.9193491,170.2934159
0.011489868,10.975,1.248476674,1.59,6.353,9.67,-5.083,3.433180428,3.056285207,3.072230245,3.27158212,3.390136434,2.702501502,1.18,31.02,283.796952,35.83,161.7597656,226.0268707,230.9095612,210.7056885,346.0123596,108.1100464,88.59653473,181.9932549,211.9863082
0.011224099,10.811,1.032271191,1.59,7.905,9.07,2.15,3.427871769,3.046057982,3.072230245,3.328805884,3.369706715,3.097837496,1.09,30.43,300.7496485,33.51,224.6472015,251.2325745,230.0630188,227.4442291,394.0605469,87.96466064,184.7860107,193.9397752,187.7154161
0.010642526,11.412,0.866256618,1.558666,8.784,11.53,1.233,3.447189986,3.038133338,3.07077787,3.359819677,3.450939474,3.055556575,1.12,28.02,155.591338,28.17,176.5798492,206.6002197,155.8158264,163.9882965,407.4194031,86.38860321,124.3101959,166.3355875,165.0003637
0.009811246,10.79,0.727956575,1.558666,9.297,8.4,1.991,3.427189962,3.031483348,3.07077787,3.377485122,3.346389145,3.090633279,1.08,20.63,121.9248391,28.11,122.3098221,143.9485626,120.439682,112.2447739,172.0375366,95.07604218,102.0359116,140.2791362,118.2532535
0.010236186,11.089,0.622694703,1.558666,7.44,7.81,-0.338,3.436854059,3.026392154,3.07077787,3.312001803,3.325395668,2.978687839,0.84,20.85,67.79086705,30.66,110.695549,100.4391708,78.66607666,110.5131912,93.48464203,24.11118507,87.32002258,124.8522386,123.2439024
0.011234686,10.855,0.560939186,1.076666,6.498,8.03,1.05,3.429298812,3.02339312,3.048166552,3.277069258,3.333275365,3.04690056,0.95,19.03,51.74664956,30.76,103.7482452,94.04275513,59.33774948,90.50467682,138.2897339,70.33055878,92.37224579,79.89536673,96.43135692
0.014029173,10.168,0.482125598,1.076666,4.843,8,0.41,3.40678176,3.019552584,3.048166552,3.212576023,3.33220451,3.016024977,0.96,20.75,84.19547343,31.57,91.71417236,70.61742401,59.89029312,30.62036896,63.75292969,59.18588638,89.33422852,94.61523435,98.3494813
0.011511815,10.228,0.421826057,1.076666,9.143,9.41,-2.383,3.408768647,3.016604234,3.048166552,3.372214747,3.381334753,2.868864345,0.93,19.02,53.8378165,28.31,109.5539551,93.32123566,89.45635986,95.08573151,112.5908813,62.6354866,127.8212738,97.17677477,77.58384047
0.010199099,10.621,0.403753125,1.371,6.67,8.76,-1.336,3.421686048,3.015718861,3.062034863,3.283539338,3.358985533,2.926596535,0.93,20.8,33.86371584,30.34,78.58598328,91.96792603,87.12670898,80.04883575,80.70903778,96.27272034,106.5136337,91.3926814,85.11696204
0.010706775,9.785,0.476990402,1.371,8.246,8.34,-2.451,3.394004911,3.019301836,3.062034863,3.340951855,3.344274234,2.864996968,0.91,16.55,30.29223263,31.11,78.6960907,91.81498718,106.2877808,78.83218384,86.32300568,107.1847076,37.15930557,95.7723132,80.09874359
0.010502383,9.402,0.420576921,1.371,12.585,8.79,-0.584,3.381062699,3.016543065,3.062034863,3.48385206,3.360028105,2.966097468,0.91,16.27,60.47648217,32.13,90.34359741,82.68560028,61.57172012,75.70652771,73.47694397,78.41303253,97.13572693,102.8207341,99.50458837
0.009736314,8.991,0.41355319,1.462667,7.645,8.51,-0.241,3.366985437,3.016199052,3.066315007,3.31944488,3.350254903,2.983609084,0.9,18.22,94.51192914,34.31,88.27758789,75.34062958,59.47798538,76.26370239,52.9017868,124.426239,101.1584015,85.79190271,89.41577492
0.009502314,8.322,0.426591101,1.462667,10.391,7.5,1.021,3.343638888,3.016837537,3.066315007,3.414146512,3.314186005,3.045521938,0.93,17.11,53.07184275,34.69,88.90148163,76.99822998,83.92586517,51.82107925,80.38735962,109.1451035,46.90383148,94.10591184,78.60084387
0.00999295,7.882,0.399501648,1.462667,5.267,8.16,2.069,3.327981319,3.015510472,3.066315007,3.229499197,3.337902531,3.094173909,0.93,14.86,38.91576892,36.74,84.3309021,125.0216446,117.3388062,156.4485626,97.98274994,77.43811035,85.35299683,87.56225103,92.37258476
0.01222219,7.428,0.363988395,1.545334,5.634,8.48,-0.701,3.311564389,3.013768066,3.070159273,3.243919595,3.349202087,2.960053281,0.96,15.64,57.15698577,36.75,79.72691345,109.8380356,104.8796005,169.8411255,59.87421417,110.5964737,43.1658287,96.00481801,83.61222162
0.008673962,6.842,0.336994884,1.545334,5.051,9.25,-2.144,3.289967825,3.012441636,3.070159273,3.220913747,3.375879574,2.882339586,1.06,16.62,92.67783958,40.28,97.2080307,114.849823,126.787468,170.8830261,76.00424957,88.85319519,137.9871979,107.3065169,101.8330859
0.0106399,6.779,0.345990315,1.545334,7.501,8.08,-3.027,3.287617998,3.012883856,3.070159273,3.314222368,3.335057579,2.831623846,1.3,16.08,114.736083,38.03,85.27448273,99.8453064,104.7889633,128.3917542,56.01540756,116.6262817,59.12108612,76.36504181,92.50442169
0.011803179,7.118,0.323732128,1.344667,5.286,7.67,-3.784,3.300197714,3.011789274,3.060801919,3.230250883,3.320348794,2.785998409,1.41,15.08,73.34909203,40.78,88.95649719,115.9253998,57.15773392,99.18595886,124.9737625,75.10518646,50.48696136,72.91038409,86.08021248
0.012876241,7.905,0.308043353,1.344667,9.808,8.11,-1.476,3.328805884,3.011017032,3.060801919,3.394776814,3.336125385,2.919067189,1.59,15.37,95.12458581,44.9,84.44986725,77.3423996,60.64183807,99.52498627,50.74696732,36.51834106,88.03998566,72.77615468,74.03549073
0.012509067,8.012,0.2967927,1.344667,3.454,7.96,-2.111,3.33263299,3.010462878,3.060801919,3.155041056,3.330774917,2.884185999,1.68,14.28,71.32165237,45.94,108.5095825,89.59677124,65.45806122,143.2897491,48.16343689,64.54100037,92.03104401,137.4411025,90.05754795
0.013115894,7.906,0.285767207,0.987666,4.241,7.38,-0.203,3.328841719,3.009919517,3.043934932,3.188045414,3.30981282,2.985530411,1.87,12.75,107.7022302,53.28,118.3414459,120.0014648,115.984375,122.1546631,154.4183197,56.45822144,107.5005188,85.27479418,82.15916514
0.013193839,8.185,0.286071554,0.987666,7.047,7.18,-0.99,3.338789922,3.00993452,3.043934932,3.297576093,3.302481409,2.944965157,2.19,16.18,78.57551175,48.47,96.69577026,127.938324,68.12167358,195.9334259,95.49815369,39.24856949,93.9905014,102.7393302,87.49682814
0.012957206,8.497,0.370987429,0.987666,6.396,6.51,0.753,3.349798819,3.014111704,3.043934932,3.273212484,3.27752202,3.032690815,2.18,12.98,28.59229406,43.15,66.53287506,83.33496857,54.96220779,110.0841217,42.32065201,81.47636414,96.87821198,101.978866,81.61707782
0.013108016,9.569,0.422819012,0.8,2.346,7.25,0.855,3.386726515,3.016652855,3.034952987,3.106647334,3.305053521,3.037593728,2.48,14.08,77.83283293,46.84,66.73433685,58.94661713,48.37984085,65.62034607,47.83789444,175.2454529,75.73043823,91.53623011,97.16167635
0.012812437,9.604,0.397797839,0.8,5.385,7.04,0.918,3.387909487,3.015426946,3.034952987,3.234158448,3.297317251,3.040610032,2.72,11.66,31.34054454,48.15,51.69568634,74.9770813,53.16243362,90.66368103,59.98699951,112.5640182,32.59744644,101.479898,97.48550868
0.01311951,10.163,0.361166467,0.8,4.911,6.93,2.427,3.406616008,3.013629482,3.034952987,3.215309473,3.293240907,3.11026559,2.73,12.5,42.25327753,54.19,49.30863571,81.45478821,40.66996002,107.5706253,55.9072876,107.5473404,99.00125122,110.3986235,104.0453916
0.011782937,10.255,0.374884914,0.698,3.51,6.74,2.977,3.40966146,3.014303011,3.030037077,3.157425863,3.286160572,3.134493716,2.84,14.09,68.83730803,52.98,78.39586639,89.07868195,34.60283279,117.0465622,93.47690582,75.75196838,50.36788559,88.55944214,105.8777754
0.011834727,10.879,0.391509557,0.698,3.052,7.45,3.126,3.430076341,3.015118616,3.030037077,3.137752534,3.312366168,3.140957526,2.93,15.12,60.59286998,49.83,75.09077454,99.44091034,66.39905548,149.0582581,79.14923859,32.71545029,105.3501663,97.12235234,91.51857992
0.011586147,10.609,0.355388473,0.698,6.249,7.44,2.161,3.421294083,3.013345667,3.030037077,3.267627893,3.312001803,3.098333987,3.06,11.84,61.41351474,56.35,82.00558472,99.4149704,95.04406738,117.7484207,89.30683136,85.24398804,42.97225952,66.65926667,92.31783718
0.014029508,9.973,0.471108099,0.862,4.723,6.53,2.289,3.400296976,3.019014531,3.037929322,3.207733984,3.278276168,3.104093283,3.34,11.4,56.60819119,59,71.93954468,85.08383942,80.35968018,101.2715149,76.36673737,26.12306976,35.55521011,85.75431068,89.40118925
0.01570106,9.239,0.417220392,0.862,2.041,7.08,2.272,3.375503435,3.016378682,3.037929322,3.092904355,3.298795448,3.103330284,3.44,11.75,42.41258188,64.99,59.61723328,82.83348846,68.518013,85.01700592,81.79131317,49.51333237,92.99913788,79.92837485,77.0265398
0.013867673,8.413,0.38352417,0.862,5.848,7.1,2.679,3.346846787,3.014726936,3.037929322,3.252233229,3.299533728,3.121439386,3.47,13.57,126.8743665,65.59,105.7698593,160.4738312,202.5643158,156.9485779,134.6169891,138.8449707,68.26113892,74.05627947,76.79072877
0.014184651,8.083,0.348062191,1.120667,4.947,7.16,2.017,3.335164411,3.012985683,3.05025204,3.216753574,3.301745303,3.091814882,3.89,12.46,80.45718733,62.26,79.8299942,71.51885986,83.1720047,62.82376862,70.40970612,141.3383636,32.72947693,79.31924323,74.03845168
0.014109603,7.812,0.340755267,1.120667,5.046,7.89,-0.359,3.325467582,3.012626522,3.05025204,3.220714134,3.328268202,2.977619218,3.86,13.48,32.46609598,58.32,60.06785202,95.44764709,140.0655518,85.19086456,57.40055847,55.57432175,86.75798035,77.72626175,74.0782742
0.014402701,7.201,0.320154115,1.120667,-0.114,7.59,-0.857,3.303253737,3.011613207,3.05025204,2.990015967,3.317453388,2.951937114,3.99,11.01,78.73817649,59.41,70.02675629,61.47662354,63.61540222,53.46963882,36.82439041,96.36314392,57.22021103,63.97693503,82.5874249
0.015395249,6.489,0.301630824,1.159666,0.332,6.54,-0.468,3.276729552,3.010701219,3.052096822,3.012196,3.278653029,2.972054146,4.37,12.07,62.22241081,65.49,75.07923889,83.96113586,88.12340546,78.60295105,80.97428894,104.8241959,83.60843658,86.54246332,82.40277458
0.013577943,7.072,0.371667971,1.159666,-2.576,7,-0.69,3.298499983,3.014145111,3.052096822,2.857848566,3.295836866,2.960623096,4.51,13.23,60.371622,61.63,69.491745,60.63415146,76.18671417,55.29086685,44.47035599,79.35954285,64.71510315,67.81324583,84.91605061
0.014252015,6.544,0.33865663,1.159666,2.403,6.42,0.593,3.278803733,3.012523343,3.052096822,3.109194878,3.274121299,3.024951212,4.52,11.72,46.38076047,62.69,55.00807571,79.82993317,94.21289825,68.94371033,85.26280212,94.51129913,84.22509766,96.83735353,85.66593297
0.015512254,6.027,0.358500528,1.286,2.118,6.93,1.364,3.259134461,3.013498541,3.05804958,3.096391757,3.293240907,3.061707262,4.65,11.57,57.94457798,69.44,81.65171814,89.04356384,79.12750244,103.3140106,50.49769592,162.1650696,133.5046997,80.71140622,90.87574434
0.015880696,5.383,0.340731986,1.286,6.557,6.95,1.949,3.234079659,3.012625377,3.05804958,3.279293366,3.293983297,3.08872158,4.74,11.99,95.86812371,70.84,67.80979156,82.44514465,71.2885437,88.35649109,91.51164246,116.8075943,66.02268982,86.22192292,86.94474873
0.014647661,5.17,0.403202557,1.286,0.462,6.43,2.566,3.225652809,3.015691877,3.05804958,3.018569507,3.274499729,3.116444349,4.87,14.32,91.21692512,70.95,82.58628082,89.85152435,105.8366318,96.58042145,74.43009186,91.25888824,110.9243469,73.68794012,73.09620006
0.017983745,5.371,0.368825515,1.354,2.928,5.88,1.632,3.233606789,3.014005571,3.061239076,3.132358871,3.25347047,3.0741737,4.97,13.05,120.163635,74.41,84.47445679,82.00437164,98.15416718,84.71546173,73.43398285,79.23003387,42.70708466,115.8046467,100.8201958
0.019376453,5.83,0.343971522,1.354,5.691,6.09,2.576,3.251536607,3.012784628,3.061239076,3.246140736,3.261552099,3.116887395,4.92,14.34,134.5969372,73.04,71.51509857,58.86662674,59.31985092,47.26743317,42.7521286,101.6216125,36.35945511,83.46149966,86.1146878
0.016331526,6.377,0.323091423,1.354,2.812,6.18,2.355,3.272492418,3.011757748,3.061239076,3.127286713,3.26499576,3.10705001,4.77,11.96,35.06334046,63.8,61.75134659,76.82971191,93.78133392,58.60936737,40.59193802,95.02355957,71.5186615,79.65969393,82.26668277
0.015063698,6.478,0.30372804,1.456333,4.147,5.62,1.532,3.2763142,3.010804516,3.066019847,3.184160149,3.243373296,3.069540201,4.95,12.57,36.0965598,58.89,55.62950897,71.22180176,54.06163788,102.5792542,57.94781494,128.9896698,74.12514496,95.88160327,112.7486601
0.015842048,6.298,0.29759137,1.456333,3.386,6.06,0.367,3.269492891,3.010502227,3.066019847,3.152137553,3.260401572,3.013915944,4.9,11.42,48.19654219,59.08,49.59912872,73.84509277,71.95194244,45.5282402,64.62189484,102.033699,43.89590454,82.3826071,84.95063855
0.014446671,6.281,0.328594346,1.456333,0.723,5.78,0.684,3.268846245,3.012028483,3.066019847,3.031244195,3.249598998,3.029360455,4.89,11.66,17.61622867,61.96,51.03903961,74.91799164,84.13798523,65.25806427,52.11735916,58.93058014,67.6783905,80.43932055,83.00585097
0.015680756,5.775,0.332518198,1.472333,6.608,5.24,1.402,3.24940503,3.012221486,3.066765269,3.281211922,3.228430038,3.063484376,4.99,11.56,44.72173253,54.51,74.51002502,62.33881378,74.49567413,100.064415,33.97538376,149.0618439,80.1708374,81.88544547,91.46403355
0.01543062,5.164,0.350246268,1.472333,4.235,5.09,0.178,3.225414402,3.013093013,3.066765269,3.187797869,3.22246936,3.004592902,5.01,10.08,27.48456458,59.28,50.86001968,58.51786423,47.3278656,110.7916489,23.31752014,106.7869415,64.65911865,94.05190415,84.78519788
0.016396351,4.922,0.357648227,1.472333,2.895,5.09,1.101,3.215750948,3.013456676,3.066765269,3.130918546,3.22246936,3.049320433,4.9,18.61,59.73266382,60.44,72.52986145,71.11644745,100.4476547,69.78369141,41.88372803,83.08111572,70.07432556,76.73695938,75.56315595
0.018315771,5.162,0.333867709,1.636666,4.842,4.84,1.695,3.22533492,3.012287856,3.074389376,3.212535769,3.212455257,3.077081819,4.79,14.53,31.23259476,63.98,59.8413887,65.16531372,69.16750336,79.72940826,35.20516586,154.7365112,68.3313446,97.69672419,91.12969883
0.016983567,5.373,0.331785325,1.636666,3.424,4.46,1.371,3.233685617,3.012185441,3.074389376,3.153761138,3.19703913,3.062034863,4.6,13.08,36.2766463,63.46,71.13732147,54.99327469,28.43398476,110.5976257,34.04615021,87.80557251,47.79152679,101.8956179,83.61323408
0.015951118,6.087,0.311242599,1.636666,4.121,4.33,1.638,3.261437106,3.011174555,3.074389376,3.18308283,3.191710157,3.074451028,4.68,12.78,42.45996474,67.49,68.7592392,60.84606171,45.65317535,74.188591,39.64413452,86.8629837,77.08946228,94.71720906,76.18691761
0.017029984,6.443,0.295795446,1.500667,8.034,3.92,2.376,3.274991473,3.010413744,3.068083958,3.333418059,3.174714929,3.107988956,4.82,15.4,25.43432021,74.12,44.78275299,47.69234467,37.95064926,48.65172958,42.00607681,84.8600235,136.7205811,83.46434899,74.30745171
0.016937647,6.317,0.344943961,1.500667,4.876,4.58,1.104,3.270215118,3.012832427,3.068083958,3.213903483,3.201933104,3.049462596,3.91,21.22,148.9329355,72.36,90.0072937,94.66285706,117.5662918,151.1452942,76.18293762,39.61501694,56.73624039,77.60296965,75.36807363
0.01763974,6.574,0.341966035,1.500667,3.719,4.89,0.232,3.279933294,3.012686045,3.068083958,3.166276415,3.214466116,3.007265509,3.72,23.38,154.1409048,79.92,109.8926544,166.7332001,186.6208649,267.5460815,178.9587097,61.48648453,90.57120514,69.82748672,94.64316086
0.016197125,7.064,0.366893065,1.751333,3.055,5,-0.853,3.298204431,3.013910694,3.079675043,3.137882666,3.218875825,2.952146045,3.84,18.49,122.1359633,85.8,90.64006805,96.88045502,141.7201691,147.1581879,68.95202637,85.83960724,92.54260254,76.98911548,97.35279334
0.017699076,7.335,0.38556222,1.751333,6.867,5.15,-0.481,3.308167932,3.014826916,3.079675043,3.290898768,3.224857897,2.97138835,3.08,23.01,94.69215131,94.77,106.5661621,97.73733521,88.44246674,113.9740677,58.10637283,57.53176117,108.4284668,75.93914769,72.9358514
0.015511351,7.61,0.381389237,1.751333,7.042,5.05,0.258,3.318178026,3.014622192,3.079675043,3.297391213,3.220873828,3.008549777,3.29,23.61,125.2693112,91.69,116.9908981,98.01473236,116.0400543,120.6578827,81.57663727,125.646286,93.82692719,90.94471974,72.56060659
0.018298997,8.132,0.371594778,2.1603334,6.653,4.64,1.362,3.336907718,3.014141518,3.098303907,3.282901715,3.204371139,3.061613643,1.92,23.17,238.2866373,92.97,177.0422058,160.2590485,186.539093,224.4404602,129.9138031,124.265892,142.8052368,76.38003494,74.37611808
0.017762393,8.176,0.355488325,2.1603334,8.501,5.24,0.252,3.338470552,3.013350572,3.098303907,3.349939174,3.228430038,3.008253554,1.81,24.02,102.750519,95.39,108.3147354,128.7845459,127.3486557,144.9771423,119.0305023,143.6300659,157.7542725,88.16442454,73.85223955
0.017202623,8.993,0.330354018,2.1603334,7.427,5.57,0.286,3.367054422,3.012115041,3.098303907,3.31152793,3.241419789,3.009930993,1.36,26.28,161.235678,105.45,114.4745712,139.8707275,91.62520599,191.3272247,100.893959,145.3533173,174.0117188,73.54504544,94.10876895
0.019242328,10.02,0.542835251,2.023,5.777,5.36,0.774,3.401863826,3.022512231,3.092087362,3.249482621,3.23317313,3.033702205,1.41,23.43,88.15247823,112.58,98.19770813,96.74758148,78.17948151,120.2012024,92.03775024,145.4421997,145.5144958,73.39338527,91.89627908
0.017336792,10.444,0.473156048,2.023,10.32,5.05,1.077,3.41588893,3.019114567,3.092087362,3.411807561,3.220873828,3.048182399,1.85,18.18,48.31972309,125.4,88.6734314,76.82344055,53.69578934,73.11942291,57.07178116,111.4049988,100.6835785,81.96152039,107.0484028
0.01786848,10.126,0.421585499,2.023,12.36,5.28,-0.149,3.405388586,3.016592454,3.092087362,3.476923092,3.230013569,2.988254384,1.87,19.83,51.21319244,133.88,89.13687897,106.4278412,114.4253693,108.1952896,85.61047363,103.0274963,157.0119324,56.29097808,82.81294228
0.018496599,9.44,0.384296197,1.888667,6.403,5.28,0.961,3.382354294,3.01476481,3.085969014,3.27347764,3.230013569,3.042663568,1.65,25.92,94.88114733,133.37,115.1027222,87.93302155,85.72582245,87.52262878,70.77664185,25.9875412,152.1179199,80.76726187,87.29113013
0.017947041,9.982,0.373395439,1.888667,9.465,5.64,-0.185,3.400597202,3.014229905,3.085969014,3.383203118,3.244153632,2.986439227,1.69,22.57,66.78899498,116.67,81.16308594,92.29638672,86.25924683,107.7161789,78.42800903,85.45172882,205.6284485,153.5595882,70.10380876
0.015720332,10.465,0.60158028,1.888667,12.23,6.49,-1.991,3.416578484,3.025367785,3.085969014,3.472897696,3.276767303,2.890871633,0.9,21.99,202.1720929,104.11,238.171875,156.0435028,155.9117584,206.8439789,126.7844849,120.6571274,298.3870239,129.0689034,84.19480815
0.015476802,10.548,0.641730689,-0.1383334,12.076,7.83,-3.857,3.419299217,3.027314788,2.988791573,3.468108087,3.326114576,2.781486519,0.44,45.26,181.9019392,76.61,241.7722778,216.5917816,256.0717773,272.4897461,140.9512634,199.2349548,187.5682373,100.8231374,90.97592763
0.011945946,11.375,0.705299638,-0.1383334,3.928,8.92,-13.992,3.446011397,3.030389689,2.988791573,3.175049321,3.364533397,1.793091914,0.01,53.68,142.7077398,57.31,162.7133789,156.7744598,188.7566986,170.8104095,119.7324982,111.7271118,194.23703,112.2145954,99.27257582
0.013323306,11.852,0.67780097,-0.1383334,7.065,9.86,-13.027,3.461100174,3.029060708,2.988791573,3.29824138,3.396519792,1.942045548,0.11,62.98,113.5509472,41.12,157.8286743,136.7845612,192.4884491,217.359787,66.90203094,143.165802,232.7663879,96.64414911,89.54149385
0.014133351,12.46,0.642513903,-1.931666,3.934,11.98,-19.193,3.480008562,3.027352731,2.894160903,3.175300042,3.465110707,-0.214431611,0.24,39.19,71.8785307,41.71,184.8178253,159.9938354,174.7227325,216.7999573,95.44641876,121.8899994,223.546875,99.72913723,99.27209062
0.013371039,13.054,2.404689275,-1.931666,4.168,11.86,-13.387,3.498142588,3.10927028,2.894160903,3.185029444,3.461351304,1.889037409,0.26,45.52,145.2466263,39.09,202.5479584,139.6969757,121.999321,163.9576874,110.5293808,57.71405411,170.9781342,93.34286623,96.9300351
0.012975124,14.173,2.117283209,-1.931666,8.447,11.74,-7.635,3.531435859,3.096359349,2.894160903,3.348042707,3.457577715,2.514869901,0.21,52.65,93.09614136,47.94,167.9912262,133.4607086,144.3331146,125.6445541,89.28048706,94.72406769,184.4957581,96.42250574,103.4984698
0.012875097,13.565,1.996684158,-2.214,7.365,11.89,-7.438,3.513483857,3.090891722,2.878411631,3.309264825,3.462292481,2.530676384,0.14,42.04,71.04363567,49.65,107.9272537,119.9991989,120.310997,126.0774536,62.79237366,92.35388184,152.9133301,112.3932942,98.02776404
0.011725775,13.205,1.649730387,-2.214,5.375,11.92,-4.548,3.502700467,3.074993001,2.878411631,3.233764437,3.463232773,2.737738445,0.14,35.3,88.83601039,59.03,125.9446259,122.9600983,112.8020325,117.1136856,57.23199844,45.95503616,91.16470337,91.03908833,99.57881783
0.012396358,12.875,1.556861579,-2.214,4.09,11.69,-8.662,3.49271249,3.070694169,2.878411631,3.181796817,3.456001174,2.428159916,0.19,29.63,44.02606696,69.64,112.472641,113.2389145,136.3208313,111.8803253,64.30873871,122.244133,131.5288086,101.4492734,96.78010282
0.01625537,13.265,1.302355249,-1.576333,7.875,11.18,-4.015,3.504505793,3.058817642,2.913636088,3.32773023,3.439776864,2.771650783,0.18,27.95,46.60460584,64.15,104.3551102,95.94822693,79.35401917,108.0083008,54.37477875,95.6137619,103.9319153,97.58538248,78.87160646
0.015840169,12.118,1.137245796,-1.576333,3.649,11.59,-3.4,3.469416621,3.051036688,2.913636088,3.163320831,3.452840615,2.809402695,0.15,25.56,46.04740416,71.05,111.1743393,91.37744141,122.8791656,98.04608917,63.1121254,94.16583252,92.43109131,104.5381643,91.00381057
0.015190615,11.643,0.946637053,-1.576333,4.525,11.19,-3.518,3.454516955,3.041978111,2.913636088,3.199693005,3.440097531,2.802268876,0.14,28.9,71.18106653,69.41,99.00963593,104.3236008,59.58785248,118.8825684,89.88890076,32.38641357,160.9516449,98.79689426,90.95457677
0.014066467,10.166,0.885021481,-0.0060001,3.608,10.63,-2.782,3.406715462,3.039032226,2.995432224,3.161585638,3.421979921,2.845955348,0.05,28.68,30.44925687,75.72,86.24175262,105.0401382,84.36804962,124.047821,70.37998962,67.62960052,75.79626465,81.87873795,80.29444218
0.013290255,8.685,0.946869614,-0.0060001,10.579,10.42,-4.684,3.356374338,3.041989213,2.995432224,3.420313499,3.415100287,2.728898034,0.06,29.78,108.7670688,77.99,99.77926636,133.0074921,106.5705795,213.2901001,83.55393219,109.0628052,68.89027405,81.24188205,88.80309471
0.012570975,7.91,0.790062888,-0.0060001,8.166,10.38,-4.277,3.328985048,3.034475127,2.995432224,3.338115577,3.413784497,2.755124608,0.06,21.12,71.07693765,74.47,108.3960953,115.2626114,76.33285522,140.3594513,74.96387482,130.1064606,74.85823059,100.2359545,88.85165356
0.015515332,7.18,0.897585661,1.705,10.67,10.55,-4.71,3.302481409,3.039633634,3.077542649,3.423284978,3.419364686,2.72719902,0.08,21.68,107.869463,78.33,136.8638611,142.0035553,105.5710831,147.080368,136.5350494,93.92060852,95.7820816,76.28019176,78.6755647
0.013211351,6.634,0.83919571,1.705,8.911,9.35,-1.538,3.282188595,3.036835623,3.077542649,3.364222146,3.379292546,2.915714566,0.13,21.48,80.11703622,76.39,116.72155,136.7390594,121.4370117,171.1174774,104.3479843,146.2115326,103.4443741,51.82635573,75.01627665
0.011857064,4.212,0.815371973,1.705,4.542,8.52,-1.925,3.186848378,3.035691751,3.077542649,3.200385936,3.350605596,2.894529768,0.16,19.06,44.52599666,81.2,124.6875,137.8383026,116.4701996,169.5692139,83.57966614,67.2061615,90.39569855,76.18613481,65.7180938
0.012241371,3.814,0.873302782,1.7030003,5.108,8.08,-3.705,3.170273643,3.038470964,3.077450514,3.22318652,3.335057579,2.790858312,0.16,17.47,42.10283668,84.29,123.7022018,152.7844696,153.8355408,152.00737,107.8927002,71.59265137,46.74542999,105.9379303,73.02563886
0.015646966,3.566,0.730279615,1.7030003,5.11,8.03,0.307,3.159804995,3.031595415,3.077450514,3.223266173,3.333275365,3.010965654,0.16,20.19,54.59911353,73.74,147.7632446,203.3052521,156.3809509,368.2284546,162.265213,162.1067505,156.5486145,66.68983883,96.30825055
0.013911797,3.689,0.913265891,1.7030003,4.662,8.1,-1.652,3.165010805,3.040383689,3.077450514,3.205263597,3.335769576,2.909520577,0.18,30.17,102.0050105,75.34,129.732193,171.4026642,143.1194611,135.4588623,130.7987976,123.899971,130.013504,98.23400305,80.92672364
0.016247073,3.55,0.768277603,1.1859997,4.091,7.21,-0.771,3.15912582,3.033426707,3.053340572,3.181838327,3.303584553,2.956419556,0.15,30.12,159.494038,76.32,196.9472351,186.5552368,193.8954315,187.116806,130.4767303,123.3189545,70.81567383,66.69306384,74.07479501
0.017427666,4.254,0.7239908,1.1859997,7.491,6.7,0.106,3.188581552,3.031292005,3.053340572,3.313858678,3.284663565,3.001018278,0.14,22.01,133.6367676,76.6,127.2281723,172.8160553,146.9262695,170.7781067,158.8050385,161.8739319,104.1029892,73.99464294,77.80727781
0.015249904,4.215,0.61126422,1.1859997,7.446,6.39,-0.079,3.186972276,3.025837733,3.053340572,3.312220438,3.272985151,2.991774452,0.16,23.19,108.2014296,75.24,186.7412262,161.6901398,111.5932465,214.5264282,114.1054459,104.3562241,121.5974274,67.90990157,84.01844521
0.014518031,4.958,0.59640221,1.4053337,8.036,5.44,0.468,3.217194412,3.025116411,3.063640129,3.333489399,3.236322738,3.018862691,0.12,22.5,109.0729368,81.89,154.7627563,186.1411133,116.3797455,309.0108948,72.41765594,83.02374268,74.11595917,79.87699199,109.6245833
0.017134491,5.703,0.669420928,1.4053337,3.934,5.62,-0.838,3.246607717,3.028655358,3.063640129,3.175300042,3.243373296,2.952929151,0.17,21.57,114.8108344,84.25,175.0442657,172.6881714,137.2138214,152.4380035,133.3426056,79.66757965,82.42306519,99.56051003,104.0929349
0.015230891,5.856,0.822376917,1.4053337,7.618,5.59,-1.308,3.252542682,3.036028222,3.063640129,3.318467734,3.24220165,2.928095625,0.12,19.39,77.00285044,89.15,151.5533447,183.0759888,179.4143066,311.90802,118.321167,122.2559738,110.6732407,78.59963228,103.0464288
0.017161786,6.434,0.778068237,1.1486663,4.736,4.89,-1.123,3.27465106,3.033898019,3.051576844,3.208259672,3.214466116,2.93794425,0.15,17.61,44.67372723,89.17,111.4928131,143.0317383,140.9458466,162.4641876,120.2845459,56.33475876,172.6804047,86.51290041,101.8583124
0.016981199,6.084,0.704599469,1.1486663,2.653,4.88,-1.683,3.2613221,3.030355872,3.051576844,3.120292293,3.214064268,2.90782959,0.15,17.3,41.62163016,88.58,104.5623627,122.4457855,93.27111816,210.0111847,61.84259033,75.13648224,46.08258057,79.07580088,98.74911991
0.01476666,6.387,0.676596212,1.1486663,5.556,4.82,-0.564,3.272871465,3.029002443,3.051576844,3.240872123,3.21164978,2.967127017,0.09,20.7,70.49472001,102.86,153.8417206,154.4015198,123.7856827,271.0741272,106.3484497,84.23371887,131.2483673,120.0987138,119.7713169
0.017165177,6.346,0.663258658,1.6683334,6.689,4.36,-0.739,3.271316461,3.028357179,3.075851904,3.284251495,3.192942443,2.958082326,0.04,17.4,62.22722475,109.53,124.8465805,145.508606,80.16926575,241.7879486,161.9064636,111.9054031,153.0111389,77.18291592,77.24655227
0.02005953,6.316,0.56288687,1.6683334,7.945,4.01,-0.425,3.270177119,3.023487843,3.075851904,3.330238293,3.17847041,2.974253242,0.06,15.99,55.08151473,100.9,84.54916382,134.2150726,93.21103668,164.0336456,98.41831207,91.91007233,26.14408493,80.21216041,77.53051267
0.016864448,6.374,0.497971146,1.6683334,8.467,4.38,-0.641,3.272378676,3.020325913,3.075851904,3.348745522,3.193763124,2.963157428,0.03,18.09,91.96403892,96.26,139.0379028,168.2958832,172.594696,228.3782043,139.9686432,92.58963013,39.5900116,81.43158134,87.93521767
0.016773925,5.804,0.448759211,1.839,6.111,3.58,-1.092,3.250529519,3.017922206,3.083697362,3.262356681,3.160398895,2.939585113,0.1,15.87,160.6455721,97.3,207.1603088,183.4023438,184.0122986,211.3640137,185.0452728,162.2380219,207.3971863,68.81345412,69.1109335
0.019985948,5.264,0.409148622,1.839,5.716,3.6,-0.788,3.229380458,3.015983262,3.083697362,3.247113366,3.161246712,2.955535084,0.02,24.79,231.1489688,86.33,283.6655884,230.2989349,280.6147461,256.7083435,183.2415009,191.0654449,186.7314758,91.81445574,94.2699617
0.016206627,4.293,0.649458701,1.839,5.782,3.64,-1.554,3.190188243,3.027689106,3.083697362,3.249676574,3.162940193,2.914847545,0.02,33.92,122.6990252,85.52,214.4261017,280.058136,377.8437805,312.2534485,192.5147858,241.7758179,158.0556335,61.93214895,86.58168844
0.015976884,4.176,0.9032627,2.0596666,7.356,4.21,-2.674,3.185360406,3.039905257,3.0937509,3.308935883,3.186765771,2.852208263,0.01,45.45,75.55926705,86.32,137.8392487,241.7518463,217.8192749,298.8521118,103.9620667,158.8322601,238.70961,68.90643989,100.0144813
0.016217476,3.819,0.767582131,2.0596666,10.588,4.37,-3.585,3.170483582,3.03339322,3.0937509,3.420607775,3.193352868,2.798195551,0.01,32.74,78.17902266,97.16,143.7145538,304.6002197,327.9483948,361.369873,181.497879,271.6360779,363.5231018,93.78004719,107.0003589
0.012702207,3.665,0.732438612,2.0596666,6.495,4.82,-3.614,3.163997163,3.031699556,3.0937509,3.276956036,3.21164978,2.796427312,0.02,27.52,88.3977209,98.56,183.088623,228.871582,203.2061462,283.2514038,102.0970688,151.1230316,324.4626465,105.9297363,105.2937589
0.015214042,2.111,0.792539698,2.5923337,8.3,4.37,-3.148,3.096075222,3.034594254,3.117610632,3.342861805,3.193352868,2.824469344,0.06,23.4,76.10838963,100.27,154.4180298,216.7344513,193.761673,289.3977661,133.0000916,205.8533783,298.7026367,106.9862012,100.2163428
0.015708455,1.905,0.694932196,2.5923337,13.702,4.5,-3.512,3.086714921,3.029888849,3.117610632,3.517557183,3.198673118,2.802632844,0.08,17.98,71.55014348,102.2,119.4354324,193.4443512,127.2582779,299.1496277,130.8705139,194.1283112,236.0895233,159.5776414,133.2831825
0.016796905,2.104,1.0148031,2.5923337,10.253,4.76,-2.782,3.095758588,3.045227099,3.117610632,3.409595353,3.209229448,2.845955348,0.07,17.29,30.02006196,106.16,98.74810791,177.492691,112.1820602,219.1388397,154.3274231,219.3765869,242.7279968,124.3889593,109.0296875
0.01767124,1.609,0.849252727,2.3793337,9.733,4.69,-4.466,3.073109895,3.037318107,3.10813793,3.39225754,3.206398303,2.74303117,0.1,15.64,62.48596278,103.32,96.96967316,216.9958649,139.8486328,330.9455261,187.6975555,128.8316956,155.8289337,104.3672644,105.8460388
0.018181319,1.735,0.710315832,2.3793337,9.165,4.72,-4.425,3.078923864,3.030631926,3.10813793,3.37296936,3.207612633,2.745667065,0.07,16.88,61.2218438,94.66,135.879837,234.7557831,169.5964813,313.9736633,172.1969299,103.851387,216.2519531,105.830176,86.41407342
0.015569543,2.491,0.893933392,2.3793337,8.115,5.13,-4.921,3.113115229,3.039458849,3.10813793,3.336303242,3.224062352,2.713303047,0.09,26.66,131.7220107,82.3,197.460968,244.502121,202.4900665,380.1791687,200.2598572,98.4105835,304.5527344,110.5608732,93.33735246
0.015778433,3.279,1.221436514,2.192334,11.081,5.41,-5.533,3.147551667,3.055011827,3.099746914,3.4365967,3.235142797,2.671870194,0.11,16.8,123.2763436,87.9,180.8035431,206.9815674,237.9815826,241.5575409,106.8473511,104.9392242,301.5229187,114.9864133,76.38979808
0.024215918,3.233,1.223765566,2.192334,9.725,5.07,-5.168,3.145573682,3.055121571,3.099746914,3.391988443,3.221671912,2.696787009,0.09,17.57,107.4255666,94.13,142.9552917,150.6771851,161.6062012,144.7993164,108.708374,78.06387329,215.3175201,63.25674439,66.88776816
0.017931935,3.247,1.01202235,2.192334,9.873,4.83,-4.274,3.146176091,3.045094767,3.099746914,3.396955062,3.2120526,2.755315394,0.1,17.47,136.6684875,94.51,182.107193,209.9119415,227.4226074,243.7095184,165.1533661,250.4549561,161.9789886,83.76584574,102.7345363
0.016616271,3.208,0.88160912,1.7273336,8.46,5.11,-4.732,3.144497047,3.038868825,3.078571081,3.348499593,3.223266173,2.725759135,0.11,15.71,89.77890547,89.49,166.1284027,219.0826569,174.7027283,284.0088501,135.0956726,169.32164,300.7020874,97.36074382,95.02602205
0.018674794,3.463,0.745417994,1.7273336,10.084,5.15,-4.538,3.155424712,3.032325403,3.078571081,3.403993469,3.224857897,2.738385401,0.08,17.59,126.0698109,86.53,205.8646698,233.5614014,214.8198242,332.8208618,107.8886719,36.58501816,306.3358459,85.41232739,106.0183191
0.017619528,3.467,0.670288889,1.7273336,10.857,5.48,-4.625,3.155595179,3.02869735,3.078571081,3.429363629,3.237893831,2.732742814,0.05,16.64,104.012226,87.86,214.9519501,215.6684875,170.515213,270.1315308,131.5709839,156.4324951,192.7684021,98.19651551,101.9960375
0.022470324,4.195,0.746681194,1.4623334,4.784,4.83,-5.315,3.186146,3.032386291,3.066299464,3.210198284,3.2120526,2.686826565,0.07,14.68,97.48262089,94.76,199.3589478,239.8154297,198.884201,318.2390442,119.6453094,197.7275848,208.5545197,91.4264086,101.6216258
0.017542367,4.349,0.630328839,1.4623334,1.682,5.63,-5.657,3.192490781,3.026762267,3.066299464,3.076482423,3.24376354,2.663262018,0.11,12.9,77.29902954,95.31,128.5625,194.1660919,152.4201813,242.8760223,80.58383942,151.2452545,162.2560272,103.6545017,145.3835464
0.016482851,4.455,0.537767905,1.4623334,2.082,6.04,-4.894,3.196834694,3.022265528,3.066299464,3.094762797,3.259633817,2.715092016,0.07,15.36,74.67810942,92.94,146.1158447,245.3469238,201.0030365,259.2550964,189.0225677,230.1564331,83.76907349,86.76314209,113.5713462
0.019829622,5.435,0.597141665,1.2593333,4.236,6.3,-5.041,3.236126178,3.025152312,3.056796013,3.187839131,3.269568939,2.705313125,0.05,12.78,34.01666527,92.02,135.4405823,205.6240692,131.4647369,300.5311584,124.0137482,167.3418274,147.9531708,115.2776154,121.8162546
0.015371102,5.535,0.524355874,1.2593333,2.688,5.87,-4.399,3.24005006,3.021612272,3.056796013,3.12183615,3.253083996,2.747335015,0.04,13.59,35.08108827,94.51,109.028038,139.1382141,65.21713257,256.8084106,75.45863342,150.0585938,82.95886993,116.9476434,99.99209246
0.015336424,4.793,0.466699121,1.2593333,3.422,5.58,-5.16,3.210561355,3.018799132,3.056796013,3.153675752,3.241810796,2.697326238,0.04,16.28,55.33706099,95.77,126.6258545,177.5346375,126.394722,293.7850647,112.6151199,192.2878723,40.4032135,116.2364827,109.343276
0.015886622,4.605,0.758246117,1.0266667,1.972,5.34,-4.269,3.202949674,3.032943571,3.045791475,3.089768915,3.232384175,2.755633288,0.04,16.44,51.4595493,104.67,91.43748474,166.712677,160.8444977,215.330307,87.57661438,82.51089478,115.4674759,70.87178338,71.56533781
0.018689674,4.955,0.639025396,1.0266667,2.225,5.46,-3.994,3.217074203,3.02718372,3.045791475,3.101217781,3.237108593,2.772963652,0.03,11.98,76.71285394,106.57,108.7583694,146.0397491,131.1768646,143.9303741,76.76525116,207.5593414,139.7595367,116.2830748,85.32163301
0.017740379,5.782,0.5717122,1.0266667,0.394,5.66,-4.797,3.249676574,3.023916938,3.045791475,3.01524074,3.244933359,2.721492777,0.02,17.01,93.53116019,106.29,179.8897247,179.7052765,130.391037,244.4139404,143.3348083,214.216629,69.790802,161.6116338,102.911822
0.020320194,6.33,0.577303776,0.852,1.982,5.42,-3.644,3.270708974,3.02418871,3.037449867,3.090223937,3.235536266,2.794594803,0.04,16.6,159.4561084,100.54,225.3733063,210.5253906,209.0070496,287.1696472,147.5161133,153.6882477,97.59776306,85.05578904,73.41815507
0.014750853,6.258,0.525442898,0.852,0.005,5.25,-3.407,3.267970705,3.021665234,3.037449867,2.995982242,3.228826156,2.80898092,0.06,13.28,67.16274175,93.86,89.91516876,156.7050629,110.1591949,185.9593964,66.08608246,77.41041565,81.02541351,94.21303501,107.8272266
0.016520858,6.082,0.613040704,0.852,-2.25,5.64,-3.826,3.261245421,3.025923919,3.037449867,2.876385516,3.244153632,2.783405015,0.07,14.23,95.22825316,97.63,115.0207443,157.9986267,166.1023712,223.9708862,106.2575455,206.5607758,137.2324524,105.6729183,113.3508681
0.016745918,5.689,0.52548441,0.0606667,-0.254,5.45,-2.728,3.246062885,3.021667256,2.998761017,2.982950939,3.236715743,2.849086693,0.02,14.23,76.3170739,94.62,107.7051392,154.5024414,106.1858063,221.4137878,119.8805542,255.2407227,103.4443741,113.1249636,94.87359733
0.018371052,6.02,0.572260319,0.0606667,0.141,5.77,-2.882,3.258865473,3.023943582,2.998761017,3.002757538,3.249211025,2.840130541,0.05,21.44,44.05551531,100.82,93.36928558,148.436615,134.5987244,139.9690857,111.6753922,162.4572601,66.52954865,80.33451828,86.37350553
0.015790096,6.789,0.966560305,0.0606667,-1.338,6.71,-3.425,3.287991355,3.042928802,2.998761017,2.926489371,3.285038027,2.807895536,0.05,16,45.16197703,100.8,101.0187302,156.8434143,130.7783508,221.9961395,61.94990158,123.9875946,134.9426117,222.6241027,128.0279473
0.017711948,6.879,0.821677433,0.1113334,-1.571,6.83,-4.69,3.291345313,3.035994628,3.001283507,2.913925511,3.289520664,2.72850621,0.03,13.09,25.73011666,102.07,96.99343109,116.4854813,93.58223724,175.9914551,78.97716522,254.0847168,84.26825714,196.5842687,94.55019663
0.016540444,7.406,0.790402327,0.1113334,-3.099,7,-4.105,3.310761968,3.034491454,3.001283507,2.827372792,3.295836866,2.766004594,0.04,12.91,30.26387097,102.18,102.0150452,146.2919159,129.2180023,188.4292297,95.90200806,370.5062256,80.76277161,194.0754448,142.5823796
0.012474984,7.895,0.701009296,0.1113334,2.436,7.12,-3.979,3.328447461,3.030182457,3.001283507,3.110666812,3.300271463,2.773900362,0.04,11.58,18.68332577,105.79,85.96846771,111.7961044,70.29832458,159.1837006,88.37528992,143.5271912,102.2316513,149.9065966,111.2679102
0.014745854,7.968,0.620427327,-0.3196666,2.049,7.19,-4.155,3.331060999,3.026282202,2.979619833,3.093267249,3.302849259,2.762853993,0.03,10.82,42.36643003,103.59,78.50600433,119.9339294,105.1963501,148.7422028,59.81514359,153.2280731,127.4802856,164.0832286,110.5067413
0.015340076,8.2,0.572378994,-0.3196666,2.606,7.16,-4.108,3.339321978,3.023949351,2.979619833,3.118215358,3.301745303,2.765815838,0.03,17.03,34.95971678,96.54,63.87733459,133.3153687,142.9677887,132.2171783,89.2325592,246.013031,151.0019073,175.0009174,112.7794416
0.01214789,8.344,0.87978677,-0.3196666,3.239,7.26,-3.563,3.344415368,3.038781551,2.979619833,3.145831902,3.305420426,2.799534891,0.02,12.25,45.6362195,93.21,86.21659088,190.2155762,177.0050201,242.4857483,107.0651474,284.6849365,185.7619019,186.7060775,110.6816166
0.011744744,8.657,0.983469962,-0.669,3.81,7.46,-3.707,3.355397741,3.043734983,2.961710025,3.17010566,3.3127304,2.790735568,0.01,16.16,41.2695438,84.4,113.3345795,150.0306396,150.6270142,208.5667725,112.006958,161.5838318,240.4953156,126.2891269,99.2389469
0.009809264,9.612,1.56706032,-0.669,1.521,8.62,-4.849,3.388179685,3.071167166,2.961710025,3.069029203,3.354105774,2.718066536,0.02,14.73,32.1126885,75.79,93.18595123,152.424881,109.4572754,195.1889038,120.053093,315.3268738,112.7389832,136.8916067,110.1764675
0.009725478,12.532,2.619155629,-0.669,5.068,15.16,-8.359,3.48222422,3.118797141,2.961710025,3.221592132,3.559909073,2.454533349,0.04,12.85,37.34541893,59.29,87.41532135,176.023941,152.4196014,261.0257568,129.9525146,321.743103,93.96096039,127.7025076,107.0498592
0.011610926,16.3,4.882020639,-1.5506667,-0.722,16.65,-13.017,3.591817741,3.21414548,2.915028234,2.958964549,3.601413428,1.943478624,0.02,17.79,51.93628701,47.22,120.5442276,168.9852295,201.2724762,178.6987152,144.1611786,345.4550781,232.2151031,142.1853343,96.70810067
0.010633393,17.693,4.279661518,-1.5506667,-3.087,14.94,-8.432,3.629474401,3.189639025,2.915028234,2.828082557,3.553632305,2.448242665,0.02,19.43,36.31179571,50.58,87.60946655,155.0936584,161.2988281,238.4951172,97.26573944,298.5555725,117.68367,185.301653,90.80233178
0.009420474,17.53,3.637154699,-1.5506667,-1.996,15.04,-6.313,3.625140613,3.162819826,2.915028234,2.890593955,3.556490266,2.616446477,0.03,13.04,33.92811263,47.82,95.97896576,131.7454376,80.5553894,174.1975708,75.97635651,239.8610687,82.09329224,136.665263,90.84649762
0.007863028,16.933,4.192756859,-2.238667,-3.53,14.35,-6.555,3.60910546,3.186053285,2.877023791,2.801540544,3.536602019,2.59860729,0.01,14.67,35.80220842,54.45,103.5449524,147.3209534,105.4914856,211.1349182,145.7596588,222.4618378,105.3183517,152.652565,100.7024296
0.010939589,16.117,4.424369861,-2.238667,-5.688,13.18,-5.65,3.586763669,3.195581399,2.877023791,2.661098346,3.501947285,2.663749942,0.01,12.7,31.08436626,59.27,102.3187027,165.5847626,113.3971939,197.7985687,71.11995697,124.7078629,127.5528107,122.7990433,96.56353955
0.008503904,15.49,3.623703516,-2.238667,-5.371,12.77,-6.574,3.569250967,3.162250594,2.877023791,2.68300586,3.489513463,2.597193126,0.01,14.24,33.04261791,59.82,115.8802872,193.947998,212.8246918,303.5277405,118.8824844,161.0889282,123.3431396,133.315381,85.17086864
0.009407555,15.876,3.718766397,-2.1559997,-6.961,12.02,-6.279,3.580068548,3.166266566,2.881667334,2.567944866,3.466360708,2.618927506,0.08,16.79,52.275352,50.9,98.73478699,184.4875336,176.3980408,314.7603455,86.4416275,62.65724945,268.709198,125.9274513,96.6867491
0.014542548,16.366,3.075998008,-2.1559997,-2.021,11.59,-3.708,3.593634272,3.13879303,2.881667334,2.88920441,3.452840615,2.79067419,0.08,12.56,74.79461288,42.87,156.5036163,143.7111511,158.6809082,171.7394562,104.7747345,180.0874481,224.0585938,113.5664049,101.6567685
0.013467192,16.733,5.100180319,-2.1559997,-4.139,11.43,-1.947,3.603675534,3.22287503,2.881667334,2.763863266,3.447762851,2.893311876,-0.01,26.09,104.9944017,45.48,171.9326782,194.4608307,165.8669586,263.0301819,134.9765015,315.6995239,393.2341003,165.497504,93.47500744
0.010100072,16.436,4.334355229,-2.334,-6.021,11.04,-3.354,3.595557297,3.191889147,2.871641888,2.637556203,3.435276695,2.812169947,0.08,20.94,63.58585267,46.22,110.7019272,164.831131,187.6360016,231.9336853,144.2272644,174.1734314,244.8679504,162.1611663,78.36819419
0.010197728,15.388,3.872514966,-2.334,-3.088,11.38,-2.868,3.56637278,3.172727796,2.871641888,2.828023429,3.446170747,2.84094806,0.22,14.15,35.1537256,42.44,89.58369446,164.4021454,193.5543518,200.9758759,103.7620239,155.7232819,104.7490768,152.3783306,106.2312192
0.009691451,13.136,3.681924492,-2.334,-5.881,11.49,-2.796,3.500620305,3.164712077,2.871641888,2.647521408,3.449670035,2.845141915,0.16,15.91,60.35844994,37.19,101.9634323,147.418869,127.0860672,206.3948669,160.6074371,195.3005981,151.6144867,143.6554272,100.919755
0.008726397,10.137,3.501843702,-1.2866663,-4.09,11.07,-2.996,3.405753653,3.157078873,2.929236302,2.766947842,3.436242723,2.83344861,0.32,18.21,55.45720481,31.68,154.8573151,209.7402802,203.995636,241.42453,276.3598938,55.09549713,261.9420776,135.3562275,107.0331057
0.007796223,9.038,4.112517542,-1.2866663,1.778,11.08,-3.404,3.368605317,3.182731106,2.929236302,3.080900286,3.436564525,2.809161702,0.33,21.98,65.95661833,30.32,148.3217773,227.7928162,181.8609009,324.0465393,226.0579834,190.3695526,269.0191956,164.0450166,97.47530191
0.009384933,8.193,3.465718267,-1.2866663,-2.703,10.89,-3.469,3.33907372,3.155540559,2.929236302,2.850533076,3.430432507,2.805237406,0.21,17.09,50.41493833,37.55,130.4901581,227.7533112,190.5818329,253.6858673,124.9478836,183.2597046,323.1558533,114.6156552,80.7566074
0.011115444,8.336,4.462707976,-1.3019997,-1.872,10.7,-3.299,3.344133081,3.197149835,2.928416582,2.897457704,3.424262655,2.815468598,0.22,13.1,37.04986349,40.75,96.413414,207.011261,124.1681824,216.3302917,177.816452,135.0334625,286.1773376,130.4991735,86.99855067
0.009547838,8.409,3.690781246,-1.3019997,0.753,10.83,-4.007,3.346705996,3.165085996,2.928416582,3.032690815,3.428488242,2.772151127,0.34,14.68,39.74792311,46.71,96.22233582,198.4647217,131.4611969,241.1156769,146.1041412,73.06627655,260.2574768,126.2999896,104.8500539
0.009451446,8.399,3.041146942,-1.3019997,1.007,10.58,-3.168,3.346353933,3.137281615,2.928416582,3.044855716,3.420346201,2.823281837,0.26,13.63,170.2187436,48.76,233.9561157,433.2774963,454.0054321,444.34198,265.2055969,249.3216705,357.2088013,83.65068759,91.26908447
0.011814187,7.911,2.4933271,-1.2243337,0.92,10.24,-2.125,3.329020876,3.113218692,2.932561686,3.040705639,3.409165551,2.883403089,0.27,14.77,116.0823669,44.65,164.4583893,424.3771667,331.6681824,410.0074158,172.0385437,97.64324951,558.222168,119.2984327,97.29256946
0.010811373,7.151,2.111647061,-1.2243337,-2.668,10.08,-2.648,3.301413878,3.096104486,2.932561686,2.852554504,3.403860499,2.853707774,0.33,13.37,65.26916129,44.72,106.8856277,213.3665924,223.1273499,178.7202911,89.16914368,313.0686951,288.7802124,111.8273269,76.894843
0.00792501,6.281,1.836446868,-1.2243337,-0.638,9.99,-2.032,3.268846245,3.083580448,2.932561686,2.963312382,3.400863993,2.888592398,0.28,11.98,39.3724855,45.18,86.34352875,232.697998,219.0773926,291.6730042,120.5889359,237.5003815,388.7496033,142.777482,110.7233779
0.009932501,5.515,1.574738413,-0.882,1.142,9.98,-2.389,3.239266515,3.071523112,2.9506303,3.051261583,3.400530493,2.868523707,0.34,13.57,54.63936885,49.78,108.0641251,241.6306305,148.2605286,256.6236267,145.9373627,113.413559,261.8988953,145.3237342,89.16524501
0.007844785,5.236,1.555783031,-0.882,0.62,9.61,-2.053,3.228271547,3.070644135,2.9506303,3.026261479,3.388112142,2.88742297,0.48,19.32,111.1606108,45.66,254.1013184,392.8310547,322.2203369,448.5950928,225.2590027,233.3431244,475.670929,154.9239951,135.1644142
0.008076949,4.088,1.886309161,-0.882,-1.796,9.82,-2.256,3.181713791,3.085861289,2.9506303,2.90164135,3.395179309,2.876047431,0.5,14.12,86.74044013,51.97,161.4247742,288.4284668,246.81427,408.2675476,168.2074585,323.782074,646.9110107,134.6526184,132.829671
0.008688392,2.099,2.436138187,-0.828,-0.319,9.51,-2.496,3.095532359,3.110672971,2.953450881,2.979653703,3.384729189,2.862429426,0.52,14.04,86.05067716,52.5,195.0406342,320.0238037,335.64151,462.9656067,178.5695038,400.0167542,694.8494263,137.9800205,126.2176786
0.01111178,1.635,2.030136145,-0.828,-5.261,9.38,-3.079,3.074312374,3.092411341,2.953450881,2.690497042,3.380314171,2.828555454,0.53,11.93,99.29187544,53.47,177.77771,237.0675507,170.4004364,379.4259644,106.1471634,227.8781281,464.5228271,142.9971216,125.7304997
0.008749432,1.976,1.811780657,-0.828,0.152,9.34,-3.069,3.089950949,3.082450221,2.953450881,3.003303539,3.378951773,2.829146261,0.75,11.81,50.93557316,49.33,154.6096802,267.0693359,222.1230164,521.5641479,128.6267395,291.4149475,533.3043823,96.38454739,116.5457224
0.0101621,1.693,1.501258889,-0.2136667,1.747,8.9,-3.13,3.076989628,3.068111486,2.984991462,3.079475817,3.363841595,2.825536897,0.79,12.38,36.36981846,51.06,157.6765442,249.2189178,204.8388214,574.6331787,152.6166229,143.6300659,322.3442688,149.588428,163.0875012
0.010406106,2.103,1.605187066,-0.2136667,2.279,8.64,-0.979,3.095713346,3.072933428,2.984991462,3.103644531,3.354804342,2.945543632,0.96,10.59,42.42730577,48.48,129.8880615,197.5896759,151.3844147,288.260437,51.34224701,139.0343628,451.9785156,105.8681514,118.6418294
0.008833345,2.699,1.610294404,-0.2136667,0.823,8.69,-1.54,3.122320871,3.073169794,2.984991462,3.036058145,3.35654863,2.915606229,1.01,9.75,47.22938022,45.18,120.6384659,274.3901672,192.2242889,308.5653076,104.0022049,107.0320282,328.5535889,100.3669671,103.3816867
